date,district,MAM_admissions,SAM_admissions
2019-01-01,Afgooye,1547.0,903.0
2019-02-01,Afgooye,2306.0,997.0
2019-03-01,Afgooye,2299.0,485.0
2019-04-01,Afgooye,2928.0,274.0
2019-05-01,Afgooye,843.0,708.0
2019-06-01,Afgooye,928.0,869.0
2019-07-01,Afgooye,1300.0,810.0
2019-08-01,Afgooye,985.0,569.0
2019-09-01,Afgooye,969.0,603.0
2019-10-01,Afgooye,1047.0,687.0
2019-11-01,Afgooye,1270.0,669.0
2019-12-01,Afgooye,1797.0,1166.0
2020-01-01,Afgooye,655.0,977.0
2020-02-01,Afgooye,864.0,740.0
2020-03-01,Afgooye,705.0,1174.0
2020-04-01,Afgooye,2055.0,1131.0
2020-05-01,Afgooye,2337.0,1608.0
2020-06-01,Afgooye,2655.0,1531.0
2020-07-01,Afgooye,977.0,1274.0
2020-08-01,Afgooye,1996.0,1082.0
2020-09-01,Afgooye,1871.0,1088.0
2020-10-01,Afgooye,1553.0,766.0
2020-11-01,Afgooye,1834.0,978.0
2020-12-01,Afgooye,2800.0,1246.0
2021-01-01,Afgooye,2362.0,1059.0
2021-02-01,Afgooye,1877.0,926.0
2021-03-01,Afgooye,1817.0,1119.0
2021-04-01,Afgooye,1981.0,868.0
2021-05-01,Afgooye,2440.0,793.0
2021-06-01,Afgooye,1335.0,1001.0
2021-07-01,Afgooye,1216.0,916.0
2021-08-01,Afgooye,1264.0,927.0
2021-09-01,Afgooye,1313.0,961.0
2021-10-01,Afgooye,1235.0,884.0
2021-11-01,Afgooye,1332.0,803.0
2019-01-01,Afmadow,990.0,456.0
2019-02-01,Afmadow,889.0,499.0
2019-03-01,Afmadow,737.0,474.0
2019-04-01,Afmadow,864.0,395.0
2019-05-01,Afmadow,638.0,487.0
2019-06-01,Afmadow,438.0,527.0
2019-07-01,Afmadow,598.0,364.0
2019-08-01,Afmadow,686.0,710.0
2019-09-01,Afmadow,841.0,480.0
2019-10-01,Afmadow,973.0,451.0
2019-11-01,Afmadow,895.0,472.0
2019-12-01,Afmadow,757.0,679.0
2020-01-01,Afmadow,994.0,567.0
2020-02-01,Afmadow,855.0,443.0
2020-03-01,Afmadow,1001.0,492.0
2020-04-01,Afmadow,1237.0,469.0
2020-05-01,Afmadow,668.0,339.0
2020-06-01,Afmadow,651.0,386.0
2020-07-01,Afmadow,1333.0,522.0
2020-08-01,Afmadow,1047.0,295.0
2020-09-01,Afmadow,473.0,316.0
2020-10-01,Afmadow,505.0,216.0
2020-11-01,Afmadow,473.0,387.0
2020-12-01,Afmadow,435.0,519.0
2021-01-01,Afmadow,774.0,534.0
2021-02-01,Afmadow,535.0,489.0
2021-03-01,Afmadow,1198.0,494.0
2021-04-01,Afmadow,923.0,307.0
2021-05-01,Afmadow,1012.0,341.0
2021-06-01,Afmadow,707.0,283.0
2021-07-01,Afmadow,734.0,206.0
2021-08-01,Afmadow,1054.0,418.0
2021-09-01,Afmadow,563.0,241.0
2021-10-01,Afmadow,552.0,198.0
2021-11-01,Afmadow,411.0,244.0
2019-01-01,Baardheere,0.0,316.0
2019-02-01,Baardheere,0.0,216.0
2019-03-01,Baardheere,55.0,142.0
2019-04-01,Baardheere,0.0,122.0
2019-05-01,Baardheere,111.0,8.0
2019-06-01,Baardheere,329.0,160.0
2019-07-01,Baardheere,128.0,134.0
2019-08-01,Baardheere,40.0,132.0
2019-09-01,Baardheere,0.0,350.0
2019-10-01,Baardheere,156.0,284.0
2019-11-01,Baardheere,111.0,297.0
2019-12-01,Baardheere,345.0,90.0
2020-01-01,Baardheere,281.0,182.0
2020-02-01,Baardheere,278.0,184.0
2020-03-01,Baardheere,219.0,243.0
2020-04-01,Baardheere,262.0,446.0
2020-05-01,Baardheere,0.0,361.0
2020-06-01,Baardheere,578.0,201.0
2020-07-01,Baardheere,412.0,109.0
2020-08-01,Baardheere,273.0,117.0
2020-09-01,Baardheere,152.0,182.0
2020-10-01,Baardheere,97.0,157.0
2020-11-01,Baardheere,257.0,164.0
2020-12-01,Baardheere,255.0,234.0
2021-01-01,Baardheere,0.0,190.0
2021-02-01,Baardheere,109.0,211.0
2021-03-01,Baardheere,241.0,152.0
2021-04-01,Baardheere,272.0,175.0
2021-05-01,Baardheere,168.0,97.0
2021-06-01,Baardheere,100.0,122.0
2021-07-01,Baardheere,50.0,100.0
2021-08-01,Baardheere,79.0,98.0
2021-09-01,Baardheere,77.0,479.0
2021-10-01,Baardheere,58.0,256.0
2021-11-01,Baardheere,88.0,237.0
2019-01-01,Baidoa,1620.0,1948.0
2019-02-01,Baidoa,1641.0,1284.0
2019-03-01,Baidoa,1254.0,1424.0
2019-04-01,Baidoa,2482.0,1531.0
2019-05-01,Baidoa,2283.0,1804.0
2019-06-01,Baidoa,1942.0,1948.0
2019-07-01,Baidoa,2047.0,1794.0
2019-08-01,Baidoa,1473.0,1094.0
2019-09-01,Baidoa,1608.0,1587.0
2019-10-01,Baidoa,1051.0,916.0
2019-11-01,Baidoa,909.0,896.0
2019-12-01,Baidoa,1259.0,864.0
2020-01-01,Baidoa,1339.0,1775.0
2020-02-01,Baidoa,1776.0,1515.0
2020-03-01,Baidoa,2474.0,1391.0
2020-04-01,Baidoa,2442.0,1265.0
2020-05-01,Baidoa,486.0,1272.0
2020-06-01,Baidoa,2175.0,1881.0
2020-07-01,Baidoa,1850.0,1368.0
2020-08-01,Baidoa,1067.0,1145.0
2020-09-01,Baidoa,1162.0,1049.0
2020-10-01,Baidoa,1262.0,1136.0
2020-11-01,Baidoa,1265.0,1076.0
2020-12-01,Baidoa,1776.0,1432.0
2021-01-01,Baidoa,2167.0,1590.0
2021-02-01,Baidoa,1443.0,1392.0
2021-03-01,Baidoa,1254.0,1562.0
2021-04-01,Baidoa,2364.0,1741.0
2021-05-01,Baidoa,771.0,1816.0
2021-06-01,Baidoa,2810.0,2175.0
2021-07-01,Baidoa,4251.0,1287.0
2021-08-01,Baidoa,2217.0,1605.0
2021-09-01,Baidoa,1309.0,1695.0
2021-10-01,Baidoa,1872.0,1190.0
2021-11-01,Baidoa,819.0,1679.0
2019-01-01,Baki,0.0,17.0
2019-02-01,Baki,0.0,51.0
2019-03-01,Baki,0.0,47.0
2019-04-01,Baki,0.0,61.0
2019-05-01,Baki,0.0,60.0
2019-06-01,Baki,0.0,68.0
2019-07-01,Baki,0.0,2.0
2019-08-01,Baki,0.0,5.0
2019-09-01,Baki,161.0,15.0
2019-10-01,Baki,529.0,63.0
2019-11-01,Baki,443.0,64.0
2019-12-01,Baki,211.0,17.0
2020-01-01,Baki,453.0,34.0
2020-02-01,Baki,275.0,14.0
2020-03-01,Baki,261.0,26.0
2020-04-01,Baki,215.0,48.0
2020-05-01,Baki,303.0,35.0
2020-06-01,Baki,192.0,37.0
2020-07-01,Baki,483.0,39.0
2020-08-01,Baki,316.0,10.0
2020-09-01,Baki,731.0,20.0
2020-10-01,Baki,285.0,47.0
2020-11-01,Baki,144.0,76.0
2020-12-01,Baki,296.0,24.0
2021-01-01,Baki,494.0,10.0
2021-02-01,Baki,332.0,6.0
2021-03-01,Baki,242.0,44.0
2021-04-01,Baki,422.0,54.0
2021-05-01,Baki,322.0,20.0
2021-06-01,Baki,304.0,97.0
2021-07-01,Baki,429.0,29.0
2021-08-01,Baki,504.0,77.0
2021-09-01,Baki,392.0,82.0
2021-10-01,Baki,223.0,26.0
2021-11-01,Baki,345.0,26.0
2019-01-01,Balcad,271.0,29.0
2019-02-01,Balcad,444.0,690.0
2019-03-01,Balcad,956.0,470.0
2019-04-01,Balcad,526.0,930.0
2019-05-01,Balcad,2247.0,658.0
2019-06-01,Balcad,1175.0,174.0
2019-07-01,Balcad,246.0,229.0
2019-08-01,Balcad,124.0,383.0
2019-09-01,Balcad,311.0,315.0
2019-10-01,Balcad,549.0,497.0
2019-11-01,Balcad,678.0,840.0
2019-12-01,Balcad,438.0,864.0
2020-01-01,Balcad,375.0,377.0
2020-02-01,Balcad,791.0,543.0
2020-03-01,Balcad,1193.0,201.0
2020-04-01,Balcad,534.0,281.0
2020-05-01,Balcad,810.0,230.0
2020-06-01,Balcad,436.0,188.0
2020-07-01,Balcad,68.0,259.0
2020-08-01,Balcad,911.0,327.0
2020-09-01,Balcad,1013.0,427.0
2020-10-01,Balcad,408.0,88.0
2020-11-01,Balcad,443.0,93.0
2020-12-01,Balcad,1327.0,148.0
2021-01-01,Balcad,502.0,149.0
2021-02-01,Balcad,289.0,127.0
2021-03-01,Balcad,1021.0,94.0
2021-04-01,Balcad,942.0,77.0
2021-05-01,Balcad,680.0,89.0
2021-06-01,Balcad,298.0,58.0
2021-07-01,Balcad,696.0,34.0
2021-08-01,Balcad,504.0,25.0
2021-09-01,Balcad,444.0,225.0
2021-10-01,Balcad,211.0,246.0
2021-11-01,Balcad,381.0,252.0
2019-01-01,Banadir,7012.0,5496.0
2019-02-01,Banadir,12964.0,4871.0
2019-03-01,Banadir,19480.0,5270.0
2019-04-01,Banadir,16371.0,4855.0
2019-05-01,Banadir,7015.0,5448.0
2019-06-01,Banadir,8704.0,5739.0
2019-07-01,Banadir,7061.0,7377.0
2019-08-01,Banadir,7952.0,5514.0
2019-09-01,Banadir,9124.0,5251.0
2019-10-01,Banadir,8854.0,5025.0
2019-11-01,Banadir,8803.0,5753.0
2019-12-01,Banadir,10881.0,5825.0
2020-01-01,Banadir,9917.0,5810.0
2020-02-01,Banadir,10954.0,5256.0
2020-03-01,Banadir,10208.0,4979.0
2020-04-01,Banadir,9730.0,5334.0
2020-05-01,Banadir,4130.0,5257.0
2020-06-01,Banadir,5126.0,5830.0
2020-07-01,Banadir,9406.0,6193.0
2020-08-01,Banadir,11138.0,4207.0
2020-09-01,Banadir,12231.0,5743.0
2020-10-01,Banadir,10441.0,4452.0
2020-11-01,Banadir,8919.0,5388.0
2020-12-01,Banadir,6385.0,4598.0
2021-01-01,Banadir,5175.0,3850.0
2021-02-01,Banadir,6133.0,3918.0
2021-03-01,Banadir,9589.0,4303.0
2021-04-01,Banadir,7095.0,3166.0
2021-05-01,Banadir,11335.0,5406.0
2021-06-01,Banadir,11478.0,5368.0
2021-07-01,Banadir,10938.0,3696.0
2021-08-01,Banadir,11471.0,3781.0
2021-09-01,Banadir,8688.0,3089.0
2021-10-01,Banadir,6592.0,4450.0
2021-11-01,Banadir,13840.0,5040.0
2019-01-01,Bandarbeyla,0.0,28.0
2019-02-01,Bandarbeyla,0.0,20.0
2019-03-01,Bandarbeyla,0.0,21.0
2019-04-01,Bandarbeyla,389.0,36.0
2019-05-01,Bandarbeyla,0.0,49.0
2019-06-01,Bandarbeyla,,
2019-07-01,Bandarbeyla,,
2019-08-01,Bandarbeyla,,
2019-09-01,Bandarbeyla,,
2019-10-01,Bandarbeyla,,
2019-11-01,Bandarbeyla,,
2019-12-01,Bandarbeyla,351.0,0.0
2020-01-01,Bandarbeyla,0.0,18.0
2020-02-01,Bandarbeyla,958.0,23.0
2020-03-01,Bandarbeyla,0.0,17.0
2020-04-01,Bandarbeyla,346.0,16.0
2020-05-01,Bandarbeyla,0.0,34.0
2020-06-01,Bandarbeyla,246.0,25.0
2020-07-01,Bandarbeyla,0.0,29.0
2020-08-01,Bandarbeyla,0.0,35.0
2020-09-01,Bandarbeyla,0.0,45.0
2020-10-01,Bandarbeyla,0.0,28.0
2020-11-01,Bandarbeyla,0.0,37.0
2020-12-01,Bandarbeyla,0.0,31.0
2021-01-01,Bandarbeyla,550.0,24.0
2021-02-01,Bandarbeyla,550.0,23.0
2021-03-01,Bandarbeyla,699.0,28.0
2021-04-01,Bandarbeyla,1082.0,37.0
2021-05-01,Bandarbeyla,640.0,27.0
2021-06-01,Bandarbeyla,1233.0,14.0
2021-07-01,Bandarbeyla,0.0,8.0
2021-08-01,Bandarbeyla,0.0,12.0
2021-09-01,Bandarbeyla,0.0,5.0
2021-10-01,Bandarbeyla,0.0,8.0
2021-11-01,Bandarbeyla,0.0,8.0
2019-01-01,Badhaadhe,29.0,20.0
2019-02-01,Badhaadhe,57.0,38.0
2019-03-01,Badhaadhe,58.0,42.0
2019-04-01,Badhaadhe,49.0,33.0
2019-05-01,Badhaadhe,32.0,24.0
2019-06-01,Badhaadhe,54.0,32.0
2019-07-01,Badhaadhe,94.0,42.0
2019-08-01,Badhaadhe,51.0,17.0
2019-09-01,Badhaadhe,21.0,5.0
2019-10-01,Badhaadhe,22.0,5.0
2019-11-01,Badhaadhe,22.0,26.0
2019-12-01,Badhaadhe,23.0,6.0
2020-01-01,Badhaadhe,17.0,7.0
2020-02-01,Badhaadhe,32.0,6.0
2020-03-01,Badhaadhe,23.0,7.0
2020-04-01,Badhaadhe,,
2020-05-01,Badhaadhe,0.0,7.0
2020-06-01,Badhaadhe,0.0,10.0
2020-07-01,Badhaadhe,,
2020-08-01,Badhaadhe,771.0,391.0
2020-09-01,Badhaadhe,1453.0,303.0
2020-10-01,Badhaadhe,1291.0,401.0
2020-11-01,Badhaadhe,345.0,282.0
2020-12-01,Badhaadhe,869.0,454.0
2021-01-01,Badhaadhe,748.0,460.0
2021-02-01,Badhaadhe,914.0,390.0
2021-03-01,Badhaadhe,1476.0,695.0
2021-04-01,Badhaadhe,1077.0,595.0
2021-05-01,Badhaadhe,125.0,47.0
2021-06-01,Badhaadhe,115.0,55.0
2021-07-01,Badhaadhe,139.0,58.0
2021-08-01,Badhaadhe,122.0,70.0
2021-09-01,Badhaadhe,195.0,67.0
2021-10-01,Badhaadhe,954.0,484.0
2021-11-01,Badhaadhe,149.0,346.0
2019-01-01,Belet Weyne,2459.0,913.0
2019-02-01,Belet Weyne,3009.0,939.0
2019-03-01,Belet Weyne,1333.0,963.0
2019-04-01,Belet Weyne,1132.0,582.0
2019-05-01,Belet Weyne,1391.0,1019.0
2019-06-01,Belet Weyne,1348.0,583.0
2019-07-01,Belet Weyne,1459.0,1033.0
2019-08-01,Belet Weyne,3658.0,833.0
2019-09-01,Belet Weyne,2938.0,1212.0
2019-10-01,Belet Weyne,4702.0,1918.0
2019-11-01,Belet Weyne,1873.0,1633.0
2019-12-01,Belet Weyne,2644.0,1827.0
2020-01-01,Belet Weyne,1003.0,1178.0
2020-02-01,Belet Weyne,1486.0,1405.0
2020-03-01,Belet Weyne,3891.0,1294.0
2020-04-01,Belet Weyne,3364.0,1461.0
2020-05-01,Belet Weyne,2663.0,1542.0
2020-06-01,Belet Weyne,2789.0,1268.0
2020-07-01,Belet Weyne,4425.0,947.0
2020-08-01,Belet Weyne,1645.0,912.0
2020-09-01,Belet Weyne,1268.0,685.0
2020-10-01,Belet Weyne,2068.0,1149.0
2020-11-01,Belet Weyne,1500.0,1055.0
2020-12-01,Belet Weyne,2053.0,592.0
2021-01-01,Belet Weyne,1732.0,324.0
2021-02-01,Belet Weyne,1364.0,389.0
2021-03-01,Belet Weyne,2363.0,413.0
2021-04-01,Belet Weyne,1740.0,767.0
2021-05-01,Belet Weyne,1438.0,1088.0
2021-06-01,Belet Weyne,2267.0,742.0
2021-07-01,Belet Weyne,2872.0,868.0
2021-08-01,Belet Weyne,2907.0,505.0
2021-09-01,Belet Weyne,2606.0,1188.0
2021-10-01,Belet Weyne,2971.0,1655.0
2021-11-01,Belet Weyne,2815.0,896.0
2019-01-01,Belet Xaawo,0.0,93.0
2019-02-01,Belet Xaawo,978.0,460.0
2019-03-01,Belet Xaawo,381.0,71.0
2019-04-01,Belet Xaawo,163.0,111.0
2019-05-01,Belet Xaawo,206.0,160.0
2019-06-01,Belet Xaawo,691.0,635.0
2019-07-01,Belet Xaawo,753.0,361.0
2019-08-01,Belet Xaawo,602.0,294.0
2019-09-01,Belet Xaawo,599.0,323.0
2019-10-01,Belet Xaawo,697.0,327.0
2019-11-01,Belet Xaawo,1223.0,503.0
2019-12-01,Belet Xaawo,1113.0,491.0
2020-01-01,Belet Xaawo,923.0,482.0
2020-02-01,Belet Xaawo,603.0,400.0
2020-03-01,Belet Xaawo,626.0,527.0
2020-04-01,Belet Xaawo,759.0,315.0
2020-05-01,Belet Xaawo,597.0,464.0
2020-06-01,Belet Xaawo,710.0,514.0
2020-07-01,Belet Xaawo,737.0,450.0
2020-08-01,Belet Xaawo,320.0,167.0
2020-09-01,Belet Xaawo,357.0,172.0
2020-10-01,Belet Xaawo,411.0,685.0
2020-11-01,Belet Xaawo,367.0,272.0
2020-12-01,Belet Xaawo,407.0,294.0
2021-01-01,Belet Xaawo,412.0,345.0
2021-02-01,Belet Xaawo,702.0,495.0
2021-03-01,Belet Xaawo,579.0,601.0
2021-04-01,Belet Xaawo,736.0,282.0
2021-05-01,Belet Xaawo,569.0,454.0
2021-06-01,Belet Xaawo,511.0,427.0
2021-07-01,Belet Xaawo,521.0,284.0
2021-08-01,Belet Xaawo,687.0,400.0
2021-09-01,Belet Xaawo,677.0,341.0
2021-10-01,Belet Xaawo,501.0,538.0
2021-11-01,Belet Xaawo,917.0,674.0
2019-01-01,Baraawe,331.0,80.0
2019-02-01,Baraawe,806.0,0.0
2019-03-01,Baraawe,183.0,31.0
2019-04-01,Baraawe,245.0,48.0
2019-05-01,Baraawe,433.0,112.0
2019-06-01,Baraawe,1145.0,349.0
2019-07-01,Baraawe,167.0,60.0
2019-08-01,Baraawe,656.0,205.0
2019-09-01,Baraawe,290.0,1157.0
2019-10-01,Baraawe,308.0,89.0
2019-11-01,Baraawe,469.0,119.0
2019-12-01,Baraawe,232.0,163.0
2020-01-01,Baraawe,298.0,114.0
2020-02-01,Baraawe,247.0,109.0
2020-03-01,Baraawe,65.0,97.0
2020-04-01,Baraawe,239.0,67.0
2020-05-01,Baraawe,136.0,64.0
2020-06-01,Baraawe,107.0,72.0
2020-07-01,Baraawe,59.0,76.0
2020-08-01,Baraawe,11.0,84.0
2020-09-01,Baraawe,417.0,101.0
2020-10-01,Baraawe,659.0,103.0
2020-11-01,Baraawe,489.0,94.0
2020-12-01,Baraawe,256.0,123.0
2021-01-01,Baraawe,515.0,223.0
2021-02-01,Baraawe,149.0,109.0
2021-03-01,Baraawe,206.0,120.0
2021-04-01,Baraawe,284.0,112.0
2021-05-01,Baraawe,146.0,120.0
2021-06-01,Baraawe,375.0,47.0
2021-07-01,Baraawe,134.0,151.0
2021-08-01,Baraawe,120.0,59.0
2021-09-01,Baraawe,245.0,65.0
2021-10-01,Baraawe,315.0,114.0
2021-11-01,Baraawe,220.0,113.0
2019-01-01,Berbera,183.0,45.0
2019-02-01,Berbera,583.0,28.0
2019-03-01,Berbera,236.0,52.0
2019-04-01,Berbera,307.0,53.0
2019-05-01,Berbera,322.0,4.0
2019-06-01,Berbera,242.0,88.0
2019-07-01,Berbera,170.0,100.0
2019-08-01,Berbera,170.0,110.0
2019-09-01,Berbera,270.0,94.0
2019-10-01,Berbera,261.0,70.0
2019-11-01,Berbera,359.0,92.0
2019-12-01,Berbera,358.0,102.0
2020-01-01,Berbera,473.0,61.0
2020-02-01,Berbera,444.0,95.0
2020-03-01,Berbera,343.0,61.0
2020-04-01,Berbera,370.0,57.0
2020-05-01,Berbera,381.0,157.0
2020-06-01,Berbera,86.0,78.0
2020-07-01,Berbera,27.0,71.0
2020-08-01,Berbera,19.0,102.0
2020-09-01,Berbera,0.0,111.0
2020-10-01,Berbera,15.0,108.0
2020-11-01,Berbera,539.0,76.0
2020-12-01,Berbera,821.0,69.0
2021-01-01,Berbera,442.0,181.0
2021-02-01,Berbera,378.0,84.0
2021-03-01,Berbera,71.0,104.0
2021-04-01,Berbera,51.0,39.0
2021-05-01,Berbera,39.0,46.0
2021-06-01,Berbera,1683.0,26.0
2021-07-01,Berbera,1163.0,19.0
2021-08-01,Berbera,336.0,16.0
2021-09-01,Berbera,470.0,85.0
2021-10-01,Berbera,53.0,116.0
2021-11-01,Berbera,54.0,101.0
2019-01-01,Borama,1682.0,128.0
2019-02-01,Borama,1514.0,84.0
2019-03-01,Borama,1260.0,164.0
2019-04-01,Borama,1512.0,144.0
2019-05-01,Borama,801.0,171.0
2019-06-01,Borama,806.0,49.0
2019-07-01,Borama,1301.0,163.0
2019-08-01,Borama,671.0,130.0
2019-09-01,Borama,901.0,232.0
2019-10-01,Borama,625.0,254.0
2019-11-01,Borama,557.0,133.0
2019-12-01,Borama,748.0,138.0
2020-01-01,Borama,709.0,313.0
2020-02-01,Borama,917.0,181.0
2020-03-01,Borama,772.0,228.0
2020-04-01,Borama,100.0,183.0
2020-05-01,Borama,283.0,98.0
2020-06-01,Borama,1374.0,247.0
2020-07-01,Borama,1131.0,213.0
2020-08-01,Borama,787.0,226.0
2020-09-01,Borama,1485.0,253.0
2020-10-01,Borama,1003.0,267.0
2020-11-01,Borama,1260.0,226.0
2020-12-01,Borama,96.0,211.0
2021-01-01,Borama,1195.0,169.0
2021-02-01,Borama,1048.0,225.0
2021-03-01,Borama,142.0,209.0
2021-04-01,Borama,82.0,209.0
2021-05-01,Borama,1610.0,199.0
2021-06-01,Borama,1441.0,324.0
2021-07-01,Borama,230.0,591.0
2021-08-01,Borama,337.0,532.0
2021-09-01,Borama,1307.0,485.0
2021-10-01,Borama,626.0,125.0
2021-11-01,Borama,1494.0,148.0
2019-01-01,Bossaso,0.0,319.0
2019-02-01,Bossaso,0.0,291.0
2019-03-01,Bossaso,1124.0,426.0
2019-04-01,Bossaso,1032.0,383.0
2019-05-01,Bossaso,1271.0,459.0
2019-06-01,Bossaso,2609.0,525.0
2019-07-01,Bossaso,3045.0,643.0
2019-08-01,Bossaso,1198.0,411.0
2019-09-01,Bossaso,250.0,393.0
2019-10-01,Bossaso,2220.0,448.0
2019-11-01,Bossaso,1878.0,436.0
2019-12-01,Bossaso,3257.0,595.0
2020-01-01,Bossaso,80.0,622.0
2020-02-01,Bossaso,1235.0,441.0
2020-03-01,Bossaso,2816.0,478.0
2020-04-01,Bossaso,177.0,491.0
2020-05-01,Bossaso,51.0,305.0
2020-06-01,Bossaso,119.0,687.0
2020-07-01,Bossaso,699.0,578.0
2020-08-01,Bossaso,663.0,522.0
2020-09-01,Bossaso,629.0,475.0
2020-10-01,Bossaso,524.0,528.0
2020-11-01,Bossaso,615.0,517.0
2020-12-01,Bossaso,533.0,592.0
2021-01-01,Bossaso,618.0,526.0
2021-02-01,Bossaso,396.0,364.0
2021-03-01,Bossaso,798.0,440.0
2021-04-01,Bossaso,1064.0,433.0
2021-05-01,Bossaso,963.0,494.0
2021-06-01,Bossaso,1529.0,376.0
2021-07-01,Bossaso,814.0,236.0
2021-08-01,Bossaso,910.0,596.0
2021-09-01,Bossaso,1058.0,645.0
2021-10-01,Bossaso,1081.0,699.0
2021-11-01,Bossaso,1396.0,601.0
2019-01-01,Bulo Burto,0.0,56.0
2019-02-01,Bulo Burto,0.0,132.0
2019-03-01,Bulo Burto,3068.0,40.0
2019-04-01,Bulo Burto,0.0,59.0
2019-05-01,Bulo Burto,0.0,46.0
2019-06-01,Bulo Burto,0.0,105.0
2019-07-01,Bulo Burto,1851.0,92.0
2019-08-01,Bulo Burto,1701.0,63.0
2019-09-01,Bulo Burto,189.0,142.0
2019-10-01,Bulo Burto,444.0,99.0
2019-11-01,Bulo Burto,0.0,25.0
2019-12-01,Bulo Burto,445.0,0.0
2020-01-01,Bulo Burto,0.0,20.0
2020-02-01,Bulo Burto,76.0,14.0
2020-03-01,Bulo Burto,0.0,14.0
2020-04-01,Bulo Burto,2501.0,39.0
2020-05-01,Bulo Burto,0.0,28.0
2020-06-01,Bulo Burto,0.0,24.0
2020-07-01,Bulo Burto,0.0,0.0
2020-08-01,Bulo Burto,495.0,30.0
2020-09-01,Bulo Burto,,
2020-10-01,Bulo Burto,1628.0,21.0
2020-11-01,Bulo Burto,2616.0,37.0
2020-12-01,Bulo Burto,814.0,42.0
2021-01-01,Bulo Burto,1628.0,48.0
2021-02-01,Bulo Burto,966.0,26.0
2021-03-01,Bulo Burto,2604.0,20.0
2021-04-01,Bulo Burto,819.0,31.0
2021-05-01,Bulo Burto,814.0,0.0
2021-06-01,Bulo Burto,814.0,87.0
2021-07-01,Bulo Burto,814.0,55.0
2021-08-01,Bulo Burto,1628.0,215.0
2021-09-01,Bulo Burto,1628.0,64.0
2021-10-01,Bulo Burto,0.0,210.0
2021-11-01,Bulo Burto,814.0,473.0
2019-01-01,Burco,284.0,315.0
2019-02-01,Burco,76.0,179.0
2019-03-01,Burco,104.0,178.0
2019-04-01,Burco,203.0,374.0
2019-05-01,Burco,53.0,261.0
2019-06-01,Burco,0.0,76.0
2019-07-01,Burco,38.0,248.0
2019-08-01,Burco,36.0,118.0
2019-09-01,Burco,161.0,131.0
2019-10-01,Burco,167.0,104.0
2019-11-01,Burco,0.0,83.0
2019-12-01,Burco,0.0,114.0
2020-01-01,Burco,742.0,350.0
2020-02-01,Burco,1473.0,285.0
2020-03-01,Burco,718.0,351.0
2020-04-01,Burco,481.0,187.0
2020-05-01,Burco,90.0,234.0
2020-06-01,Burco,246.0,249.0
2020-07-01,Burco,642.0,275.0
2020-08-01,Burco,314.0,141.0
2020-09-01,Burco,73.0,157.0
2020-10-01,Burco,204.0,228.0
2020-11-01,Burco,1551.0,217.0
2020-12-01,Burco,219.0,127.0
2021-01-01,Burco,457.0,146.0
2021-02-01,Burco,118.0,130.0
2021-03-01,Burco,1847.0,114.0
2021-04-01,Burco,2112.0,90.0
2021-05-01,Burco,2406.0,86.0
2021-06-01,Burco,1914.0,151.0
2021-07-01,Burco,1631.0,184.0
2021-08-01,Burco,2110.0,164.0
2021-09-01,Burco,2460.0,120.0
2021-10-01,Burco,2089.0,83.0
2021-11-01,Burco,415.0,109.0
2019-01-01,Burtinle,457.0,106.0
2019-02-01,Burtinle,212.0,109.0
2019-03-01,Burtinle,0.0,107.0
2019-04-01,Burtinle,0.0,93.0
2019-05-01,Burtinle,347.0,120.0
2019-06-01,Burtinle,233.0,135.0
2019-07-01,Burtinle,263.0,171.0
2019-08-01,Burtinle,218.0,238.0
2019-09-01,Burtinle,315.0,127.0
2019-10-01,Burtinle,157.0,97.0
2019-11-01,Burtinle,60.0,89.0
2019-12-01,Burtinle,200.0,91.0
2020-01-01,Burtinle,256.0,86.0
2020-02-01,Burtinle,289.0,104.0
2020-03-01,Burtinle,126.0,98.0
2020-04-01,Burtinle,154.0,84.0
2020-05-01,Burtinle,112.0,61.0
2020-06-01,Burtinle,112.0,88.0
2020-07-01,Burtinle,171.0,75.0
2020-08-01,Burtinle,123.0,124.0
2020-09-01,Burtinle,104.0,39.0
2020-10-01,Burtinle,361.0,79.0
2020-11-01,Burtinle,252.0,190.0
2020-12-01,Burtinle,130.0,87.0
2021-01-01,Burtinle,225.0,146.0
2021-02-01,Burtinle,206.0,193.0
2021-03-01,Burtinle,212.0,112.0
2021-04-01,Burtinle,147.0,121.0
2021-05-01,Burtinle,199.0,121.0
2021-06-01,Burtinle,206.0,96.0
2021-07-01,Burtinle,246.0,129.0
2021-08-01,Burtinle,202.0,137.0
2021-09-01,Burtinle,197.0,155.0
2021-10-01,Burtinle,203.0,116.0
2021-11-01,Burtinle,271.0,146.0
2019-01-01,Buuhoodle,193.0,79.0
2019-02-01,Buuhoodle,0.0,20.0
2019-03-01,Buuhoodle,0.0,116.0
2019-04-01,Buuhoodle,0.0,55.0
2019-05-01,Buuhoodle,0.0,50.0
2019-06-01,Buuhoodle,0.0,45.0
2019-07-01,Buuhoodle,0.0,55.0
2019-08-01,Buuhoodle,0.0,77.0
2019-09-01,Buuhoodle,0.0,80.0
2019-10-01,Buuhoodle,0.0,55.0
2019-11-01,Buuhoodle,0.0,56.0
2019-12-01,Buuhoodle,535.0,113.0
2020-01-01,Buuhoodle,610.0,209.0
2020-02-01,Buuhoodle,580.0,344.0
2020-03-01,Buuhoodle,926.0,357.0
2020-04-01,Buuhoodle,766.0,463.0
2020-05-01,Buuhoodle,750.0,509.0
2020-06-01,Buuhoodle,716.0,534.0
2020-07-01,Buuhoodle,710.0,434.0
2020-08-01,Buuhoodle,778.0,499.0
2020-09-01,Buuhoodle,720.0,394.0
2020-10-01,Buuhoodle,816.0,399.0
2020-11-01,Buuhoodle,730.0,411.0
2020-12-01,Buuhoodle,750.0,340.0
2021-01-01,Buuhoodle,781.0,490.0
2021-02-01,Buuhoodle,752.0,390.0
2021-03-01,Buuhoodle,790.0,0.0
2021-04-01,Buuhoodle,473.0,0.0
2021-05-01,Buuhoodle,607.0,38.0
2021-06-01,Buuhoodle,1413.0,42.0
2021-07-01,Buuhoodle,465.0,38.0
2021-08-01,Buuhoodle,495.0,44.0
2021-09-01,Buuhoodle,454.0,27.0
2021-10-01,Buuhoodle,515.0,56.0
2021-11-01,Buuhoodle,0.0,111.0
2019-01-01,Buur Hakaba,0.0,255.0
2019-02-01,Buur Hakaba,0.0,138.0
2019-03-01,Buur Hakaba,0.0,263.0
2019-04-01,Buur Hakaba,0.0,252.0
2019-05-01,Buur Hakaba,0.0,347.0
2019-06-01,Buur Hakaba,0.0,434.0
2019-07-01,Buur Hakaba,0.0,233.0
2019-08-01,Buur Hakaba,0.0,169.0
2019-09-01,Buur Hakaba,347.0,242.0
2019-10-01,Buur Hakaba,0.0,0.0
2019-11-01,Buur Hakaba,238.0,275.0
2019-12-01,Buur Hakaba,213.0,323.0
2020-01-01,Buur Hakaba,445.0,339.0
2020-02-01,Buur Hakaba,825.0,443.0
2020-03-01,Buur Hakaba,957.0,385.0
2020-04-01,Buur Hakaba,415.0,166.0
2020-05-01,Buur Hakaba,332.0,178.0
2020-06-01,Buur Hakaba,319.0,201.0
2020-07-01,Buur Hakaba,237.0,116.0
2020-08-01,Buur Hakaba,333.0,164.0
2020-09-01,Buur Hakaba,324.0,164.0
2020-10-01,Buur Hakaba,315.0,147.0
2020-11-01,Buur Hakaba,291.0,162.0
2020-12-01,Buur Hakaba,263.0,160.0
2021-01-01,Buur Hakaba,352.0,195.0
2021-02-01,Buur Hakaba,327.0,155.0
2021-03-01,Buur Hakaba,341.0,156.0
2021-04-01,Buur Hakaba,322.0,178.0
2021-05-01,Buur Hakaba,368.0,218.0
2021-06-01,Buur Hakaba,385.0,260.0
2021-07-01,Buur Hakaba,266.0,193.0
2021-08-01,Buur Hakaba,369.0,241.0
2021-09-01,Buur Hakaba,291.0,278.0
2021-10-01,Buur Hakaba,269.0,282.0
2021-11-01,Buur Hakaba,249.0,309.0
2019-01-01,Cabudwaaq,0.0,188.0
2019-02-01,Cabudwaaq,126.0,0.0
2019-03-01,Cabudwaaq,97.0,88.0
2019-04-01,Cabudwaaq,,
2019-05-01,Cabudwaaq,0.0,36.0
2019-06-01,Cabudwaaq,0.0,81.0
2019-07-01,Cabudwaaq,,
2019-08-01,Cabudwaaq,0.0,0.0
2019-09-01,Cabudwaaq,,
2019-10-01,Cabudwaaq,,
2019-11-01,Cabudwaaq,456.0,0.0
2019-12-01,Cabudwaaq,,
2020-01-01,Cabudwaaq,2820.0,208.0
2020-02-01,Cabudwaaq,0.0,86.0
2020-03-01,Cabudwaaq,0.0,96.0
2020-04-01,Cabudwaaq,0.0,129.0
2020-05-01,Cabudwaaq,207.0,57.0
2020-06-01,Cabudwaaq,440.0,455.0
2020-07-01,Cabudwaaq,438.0,500.0
2020-08-01,Cabudwaaq,180.0,205.0
2020-09-01,Cabudwaaq,152.0,175.0
2020-10-01,Cabudwaaq,399.0,163.0
2020-11-01,Cabudwaaq,682.0,253.0
2020-12-01,Cabudwaaq,425.0,177.0
2021-01-01,Cabudwaaq,,
2021-02-01,Cabudwaaq,,
2021-03-01,Cabudwaaq,,
2021-04-01,Cabudwaaq,0.0,125.0
2021-05-01,Cabudwaaq,,
2021-06-01,Cabudwaaq,0.0,117.0
2021-07-01,Cabudwaaq,0.0,140.0
2021-08-01,Cabudwaaq,0.0,193.0
2021-09-01,Cabudwaaq,387.0,122.0
2021-10-01,Cabudwaaq,640.0,241.0
2021-11-01,Cabudwaaq,645.0,347.0
2019-01-01,Cadaado,427.0,47.0
2019-02-01,Cadaado,453.0,35.0
2019-03-01,Cadaado,370.0,72.0
2019-04-01,Cadaado,305.0,58.0
2019-05-01,Cadaado,201.0,62.0
2019-06-01,Cadaado,399.0,55.0
2019-07-01,Cadaado,320.0,47.0
2019-08-01,Cadaado,426.0,42.0
2019-09-01,Cadaado,409.0,47.0
2019-10-01,Cadaado,389.0,36.0
2019-11-01,Cadaado,239.0,95.0
2019-12-01,Cadaado,400.0,163.0
2020-01-01,Cadaado,263.0,73.0
2020-02-01,Cadaado,159.0,46.0
2020-03-01,Cadaado,629.0,41.0
2020-04-01,Cadaado,186.0,21.0
2020-05-01,Cadaado,187.0,33.0
2020-06-01,Cadaado,610.0,61.0
2020-07-01,Cadaado,419.0,107.0
2020-08-01,Cadaado,482.0,94.0
2020-09-01,Cadaado,221.0,34.0
2020-10-01,Cadaado,19.0,37.0
2020-11-01,Cadaado,239.0,31.0
2020-12-01,Cadaado,209.0,56.0
2021-01-01,Cadaado,252.0,45.0
2021-02-01,Cadaado,168.0,30.0
2021-03-01,Cadaado,190.0,41.0
2021-04-01,Cadaado,192.0,38.0
2021-05-01,Cadaado,257.0,50.0
2021-06-01,Cadaado,209.0,41.0
2021-07-01,Cadaado,136.0,43.0
2021-08-01,Cadaado,57.0,41.0
2021-09-01,Cadaado,0.0,64.0
2021-10-01,Cadaado,0.0,257.0
2021-11-01,Cadaado,0.0,304.0
2019-01-01,Cadale,,
2019-02-01,Cadale,182.0,18.0
2019-03-01,Cadale,158.0,10.0
2019-04-01,Cadale,81.0,0.0
2019-05-01,Cadale,152.0,0.0
2019-06-01,Cadale,136.0,0.0
2019-07-01,Cadale,,
2019-08-01,Cadale,,
2019-09-01,Cadale,,
2019-10-01,Cadale,,
2019-11-01,Cadale,,
2019-12-01,Cadale,250.0,58.0
2020-01-01,Cadale,403.0,138.0
2020-02-01,Cadale,321.0,336.0
2020-03-01,Cadale,88.0,126.0
2020-04-01,Cadale,6.0,69.0
2020-05-01,Cadale,297.0,137.0
2020-06-01,Cadale,508.0,367.0
2020-07-01,Cadale,757.0,319.0
2020-08-01,Cadale,149.0,180.0
2020-09-01,Cadale,160.0,168.0
2020-10-01,Cadale,140.0,24.0
2020-11-01,Cadale,80.0,16.0
2020-12-01,Cadale,,
2021-01-01,Cadale,81.0,19.0
2021-02-01,Cadale,28.0,11.0
2021-03-01,Cadale,104.0,21.0
2021-04-01,Cadale,68.0,13.0
2021-05-01,Cadale,266.0,14.0
2021-06-01,Cadale,362.0,15.0
2021-07-01,Cadale,100.0,16.0
2021-08-01,Cadale,77.0,13.0
2021-09-01,Cadale,131.0,15.0
2021-10-01,Cadale,261.0,20.0
2021-11-01,Cadale,169.0,17.0
2019-01-01,Caluula,0.0,58.0
2019-02-01,Caluula,0.0,27.0
2019-03-01,Caluula,,
2019-04-01,Caluula,876.0,15.0
2019-05-01,Caluula,0.0,50.0
2019-06-01,Caluula,0.0,31.0
2019-07-01,Caluula,0.0,32.0
2019-08-01,Caluula,0.0,34.0
2019-09-01,Caluula,0.0,31.0
2019-10-01,Caluula,0.0,32.0
2019-11-01,Caluula,,
2019-12-01,Caluula,271.0,34.0
2020-01-01,Caluula,379.0,34.0
2020-02-01,Caluula,847.0,47.0
2020-03-01,Caluula,0.0,29.0
2020-04-01,Caluula,752.0,23.0
2020-05-01,Caluula,344.0,37.0
2020-06-01,Caluula,742.0,39.0
2020-07-01,Caluula,0.0,37.0
2020-08-01,Caluula,0.0,41.0
2020-09-01,Caluula,0.0,53.0
2020-10-01,Caluula,0.0,37.0
2020-11-01,Caluula,0.0,44.0
2020-12-01,Caluula,0.0,64.0
2021-01-01,Caluula,722.0,36.0
2021-02-01,Caluula,684.0,38.0
2021-03-01,Caluula,1058.0,56.0
2021-04-01,Caluula,347.0,46.0
2021-05-01,Caluula,1206.0,52.0
2021-06-01,Caluula,918.0,48.0
2021-07-01,Caluula,895.0,57.0
2021-08-01,Caluula,718.0,56.0
2021-09-01,Caluula,738.0,59.0
2021-10-01,Caluula,736.0,63.0
2021-11-01,Caluula,186.0,55.0
2019-01-01,Caynabo,58.0,4.0
2019-02-01,Caynabo,108.0,12.0
2019-03-01,Caynabo,115.0,80.0
2019-04-01,Caynabo,94.0,26.0
2019-05-01,Caynabo,243.0,60.0
2019-06-01,Caynabo,110.0,28.0
2019-07-01,Caynabo,158.0,131.0
2019-08-01,Caynabo,94.0,54.0
2019-09-01,Caynabo,509.0,84.0
2019-10-01,Caynabo,140.0,51.0
2019-11-01,Caynabo,182.0,103.0
2019-12-01,Caynabo,165.0,94.0
2020-01-01,Caynabo,327.0,42.0
2020-02-01,Caynabo,478.0,54.0
2020-03-01,Caynabo,203.0,52.0
2020-04-01,Caynabo,331.0,80.0
2020-05-01,Caynabo,156.0,91.0
2020-06-01,Caynabo,557.0,77.0
2020-07-01,Caynabo,828.0,85.0
2020-08-01,Caynabo,420.0,104.0
2020-09-01,Caynabo,422.0,114.0
2020-10-01,Caynabo,436.0,118.0
2020-11-01,Caynabo,207.0,124.0
2020-12-01,Caynabo,517.0,66.0
2021-01-01,Caynabo,215.0,65.0
2021-02-01,Caynabo,395.0,94.0
2021-03-01,Caynabo,269.0,99.0
2021-04-01,Caynabo,768.0,132.0
2021-05-01,Caynabo,738.0,110.0
2021-06-01,Caynabo,579.0,185.0
2021-07-01,Caynabo,425.0,124.0
2021-08-01,Caynabo,726.0,131.0
2021-09-01,Caynabo,613.0,117.0
2021-10-01,Caynabo,430.0,121.0
2021-11-01,Caynabo,556.0,98.0
2019-01-01,Ceel Afweyn,150.0,38.0
2019-02-01,Ceel Afweyn,1307.0,20.0
2019-03-01,Ceel Afweyn,0.0,14.0
2019-04-01,Ceel Afweyn,2242.0,23.0
2019-05-01,Ceel Afweyn,996.0,2.0
2019-06-01,Ceel Afweyn,222.0,11.0
2019-07-01,Ceel Afweyn,15.0,6.0
2019-08-01,Ceel Afweyn,2600.0,14.0
2019-09-01,Ceel Afweyn,308.0,11.0
2019-10-01,Ceel Afweyn,584.0,256.0
2019-11-01,Ceel Afweyn,500.0,132.0
2019-12-01,Ceel Afweyn,1495.0,116.0
2020-01-01,Ceel Afweyn,550.0,22.0
2020-02-01,Ceel Afweyn,78.0,20.0
2020-03-01,Ceel Afweyn,272.0,15.0
2020-04-01,Ceel Afweyn,360.0,17.0
2020-05-01,Ceel Afweyn,158.0,26.0
2020-06-01,Ceel Afweyn,390.0,24.0
2020-07-01,Ceel Afweyn,259.0,25.0
2020-08-01,Ceel Afweyn,294.0,21.0
2020-09-01,Ceel Afweyn,0.0,27.0
2020-10-01,Ceel Afweyn,306.0,18.0
2020-11-01,Ceel Afweyn,0.0,123.0
2020-12-01,Ceel Afweyn,184.0,18.0
2021-01-01,Ceel Afweyn,372.0,36.0
2021-02-01,Ceel Afweyn,306.0,41.0
2021-03-01,Ceel Afweyn,332.0,67.0
2021-04-01,Ceel Afweyn,215.0,46.0
2021-05-01,Ceel Afweyn,331.0,56.0
2021-06-01,Ceel Afweyn,164.0,73.0
2021-07-01,Ceel Afweyn,257.0,85.0
2021-08-01,Ceel Afweyn,345.0,57.0
2021-09-01,Ceel Afweyn,233.0,74.0
2021-10-01,Ceel Afweyn,145.0,53.0
2021-11-01,Ceel Afweyn,98.0,34.0
2019-01-01,Ceel Barde,274.0,493.0
2019-02-01,Ceel Barde,227.0,106.0
2019-03-01,Ceel Barde,175.0,170.0
2019-04-01,Ceel Barde,200.0,665.0
2019-05-01,Ceel Barde,154.0,306.0
2019-06-01,Ceel Barde,131.0,269.0
2019-07-01,Ceel Barde,126.0,379.0
2019-08-01,Ceel Barde,117.0,180.0
2019-09-01,Ceel Barde,123.0,537.0
2019-10-01,Ceel Barde,113.0,321.0
2019-11-01,Ceel Barde,184.0,186.0
2019-12-01,Ceel Barde,197.0,275.0
2020-01-01,Ceel Barde,258.0,716.0
2020-02-01,Ceel Barde,173.0,534.0
2020-03-01,Ceel Barde,274.0,484.0
2020-04-01,Ceel Barde,175.0,468.0
2020-05-01,Ceel Barde,0.0,487.0
2020-06-01,Ceel Barde,0.0,585.0
2020-07-01,Ceel Barde,0.0,535.0
2020-08-01,Ceel Barde,0.0,380.0
2020-09-01,Ceel Barde,0.0,397.0
2020-10-01,Ceel Barde,0.0,373.0
2020-11-01,Ceel Barde,0.0,374.0
2020-12-01,Ceel Barde,0.0,337.0
2021-01-01,Ceel Barde,0.0,297.0
2021-02-01,Ceel Barde,0.0,389.0
2021-03-01,Ceel Barde,292.0,248.0
2021-04-01,Ceel Barde,89.0,110.0
2021-05-01,Ceel Barde,209.0,244.0
2021-06-01,Ceel Barde,988.0,253.0
2021-07-01,Ceel Barde,0.0,185.0
2021-08-01,Ceel Barde,0.0,192.0
2021-09-01,Ceel Barde,0.0,194.0
2021-10-01,Ceel Barde,203.0,106.0
2021-11-01,Ceel Barde,0.0,191.0
2019-01-01,Ceel Buur,0.0,288.0
2019-02-01,Ceel Buur,0.0,205.0
2019-03-01,Ceel Buur,0.0,284.0
2019-04-01,Ceel Buur,0.0,304.0
2019-05-01,Ceel Buur,0.0,264.0
2019-06-01,Ceel Buur,0.0,658.0
2019-07-01,Ceel Buur,0.0,695.0
2019-08-01,Ceel Buur,0.0,352.0
2019-09-01,Ceel Buur,,
2019-10-01,Ceel Buur,,
2019-11-01,Ceel Buur,140.0,144.0
2019-12-01,Ceel Buur,95.0,140.0
2020-01-01,Ceel Buur,130.0,248.0
2020-02-01,Ceel Buur,231.0,167.0
2020-03-01,Ceel Buur,232.0,259.0
2020-04-01,Ceel Buur,247.0,93.0
2020-05-01,Ceel Buur,219.0,116.0
2020-06-01,Ceel Buur,167.0,90.0
2020-07-01,Ceel Buur,252.0,124.0
2020-08-01,Ceel Buur,241.0,94.0
2020-09-01,Ceel Buur,595.0,257.0
2020-10-01,Ceel Buur,206.0,97.0
2020-11-01,Ceel Buur,,
2020-12-01,Ceel Buur,,
2021-01-01,Ceel Buur,,
2021-02-01,Ceel Buur,157.0,123.0
2021-03-01,Ceel Buur,379.0,178.0
2021-04-01,Ceel Buur,403.0,214.0
2021-05-01,Ceel Buur,443.0,173.0
2021-06-01,Ceel Buur,371.0,156.0
2021-07-01,Ceel Buur,322.0,132.0
2021-08-01,Ceel Buur,,
2021-09-01,Ceel Buur,82.0,71.0
2021-10-01,Ceel Buur,422.0,166.0
2021-11-01,Ceel Buur,370.0,241.0
2019-01-01,Ceel Dheere,163.0,148.0
2019-02-01,Ceel Dheere,162.0,256.0
2019-03-01,Ceel Dheere,181.0,197.0
2019-04-01,Ceel Dheere,155.0,208.0
2019-05-01,Ceel Dheere,171.0,220.0
2019-06-01,Ceel Dheere,181.0,157.0
2019-07-01,Ceel Dheere,,
2019-08-01,Ceel Dheere,,
2019-09-01,Ceel Dheere,0.0,0.0
2019-10-01,Ceel Dheere,164.0,106.0
2019-11-01,Ceel Dheere,140.0,85.0
2019-12-01,Ceel Dheere,195.0,85.0
2020-01-01,Ceel Dheere,142.0,70.0
2020-02-01,Ceel Dheere,101.0,104.0
2020-03-01,Ceel Dheere,140.0,93.0
2020-04-01,Ceel Dheere,142.0,76.0
2020-05-01,Ceel Dheere,144.0,69.0
2020-06-01,Ceel Dheere,139.0,64.0
2020-07-01,Ceel Dheere,147.0,91.0
2020-08-01,Ceel Dheere,238.0,141.0
2020-09-01,Ceel Dheere,287.0,155.0
2020-10-01,Ceel Dheere,267.0,143.0
2020-11-01,Ceel Dheere,289.0,139.0
2020-12-01,Ceel Dheere,196.0,108.0
2021-01-01,Ceel Dheere,230.0,108.0
2021-02-01,Ceel Dheere,235.0,130.0
2021-03-01,Ceel Dheere,210.0,110.0
2021-04-01,Ceel Dheere,190.0,103.0
2021-05-01,Ceel Dheere,161.0,98.0
2021-06-01,Ceel Dheere,323.0,152.0
2021-07-01,Ceel Dheere,206.0,121.0
2021-08-01,Ceel Dheere,181.0,91.0
2021-09-01,Ceel Dheere,135.0,87.0
2021-10-01,Ceel Dheere,,
2021-11-01,Ceel Dheere,,
2019-01-01,Ceel Waaq,0.0,477.0
2019-02-01,Ceel Waaq,0.0,718.0
2019-03-01,Ceel Waaq,0.0,788.0
2019-04-01,Ceel Waaq,0.0,1376.0
2019-05-01,Ceel Waaq,0.0,1572.0
2019-06-01,Ceel Waaq,0.0,1625.0
2019-07-01,Ceel Waaq,0.0,93.0
2019-08-01,Ceel Waaq,0.0,175.0
2019-09-01,Ceel Waaq,0.0,163.0
2019-10-01,Ceel Waaq,0.0,128.0
2019-11-01,Ceel Waaq,0.0,144.0
2019-12-01,Ceel Waaq,0.0,106.0
2020-01-01,Ceel Waaq,0.0,80.0
2020-02-01,Ceel Waaq,0.0,42.0
2020-03-01,Ceel Waaq,0.0,33.0
2020-04-01,Ceel Waaq,0.0,23.0
2020-05-01,Ceel Waaq,0.0,33.0
2020-06-01,Ceel Waaq,,
2020-07-01,Ceel Waaq,0.0,51.0
2020-08-01,Ceel Waaq,0.0,67.0
2020-09-01,Ceel Waaq,0.0,160.0
2020-10-01,Ceel Waaq,0.0,114.0
2020-11-01,Ceel Waaq,0.0,171.0
2020-12-01,Ceel Waaq,0.0,80.0
2021-01-01,Ceel Waaq,0.0,95.0
2021-02-01,Ceel Waaq,0.0,58.0
2021-03-01,Ceel Waaq,0.0,160.0
2021-04-01,Ceel Waaq,0.0,243.0
2021-05-01,Ceel Waaq,203.0,220.0
2021-06-01,Ceel Waaq,202.0,39.0
2021-07-01,Ceel Waaq,136.0,323.0
2021-08-01,Ceel Waaq,113.0,337.0
2021-09-01,Ceel Waaq,174.0,328.0
2021-10-01,Ceel Waaq,222.0,355.0
2021-11-01,Ceel Waaq,209.0,325.0
2019-01-01,Ceerigaabo,237.0,64.0
2019-02-01,Ceerigaabo,849.0,12.0
2019-03-01,Ceerigaabo,189.0,50.0
2019-04-01,Ceerigaabo,124.0,64.0
2019-05-01,Ceerigaabo,129.0,68.0
2019-06-01,Ceerigaabo,541.0,70.0
2019-07-01,Ceerigaabo,129.0,107.0
2019-08-01,Ceerigaabo,286.0,518.0
2019-09-01,Ceerigaabo,539.0,255.0
2019-10-01,Ceerigaabo,222.0,169.0
2019-11-01,Ceerigaabo,177.0,113.0
2019-12-01,Ceerigaabo,56.0,204.0
2020-01-01,Ceerigaabo,161.0,178.0
2020-02-01,Ceerigaabo,173.0,86.0
2020-03-01,Ceerigaabo,262.0,141.0
2020-04-01,Ceerigaabo,178.0,149.0
2020-05-01,Ceerigaabo,398.0,154.0
2020-06-01,Ceerigaabo,117.0,94.0
2020-07-01,Ceerigaabo,183.0,131.0
2020-08-01,Ceerigaabo,215.0,151.0
2020-09-01,Ceerigaabo,239.0,113.0
2020-10-01,Ceerigaabo,163.0,134.0
2020-11-01,Ceerigaabo,156.0,141.0
2020-12-01,Ceerigaabo,751.0,133.0
2021-01-01,Ceerigaabo,586.0,151.0
2021-02-01,Ceerigaabo,1017.0,140.0
2021-03-01,Ceerigaabo,364.0,74.0
2021-04-01,Ceerigaabo,362.0,77.0
2021-05-01,Ceerigaabo,535.0,154.0
2021-06-01,Ceerigaabo,423.0,93.0
2021-07-01,Ceerigaabo,304.0,87.0
2021-08-01,Ceerigaabo,630.0,144.0
2021-09-01,Ceerigaabo,490.0,121.0
2021-10-01,Ceerigaabo,698.0,157.0
2021-11-01,Ceerigaabo,396.0,175.0
2019-01-01,Dhuusamarreeb,0.0,478.0
2019-02-01,Dhuusamarreeb,0.0,278.0
2019-03-01,Dhuusamarreeb,0.0,412.0
2019-04-01,Dhuusamarreeb,0.0,326.0
2019-05-01,Dhuusamarreeb,,
2019-06-01,Dhuusamarreeb,0.0,107.0
2019-07-01,Dhuusamarreeb,0.0,85.0
2019-08-01,Dhuusamarreeb,0.0,107.0
2019-09-01,Dhuusamarreeb,113.0,227.0
2019-10-01,Dhuusamarreeb,269.0,343.0
2019-11-01,Dhuusamarreeb,85.0,499.0
2019-12-01,Dhuusamarreeb,86.0,364.0
2020-01-01,Dhuusamarreeb,81.0,417.0
2020-02-01,Dhuusamarreeb,79.0,235.0
2020-03-01,Dhuusamarreeb,87.0,456.0
2020-04-01,Dhuusamarreeb,0.0,83.0
2020-05-01,Dhuusamarreeb,0.0,119.0
2020-06-01,Dhuusamarreeb,71.0,94.0
2020-07-01,Dhuusamarreeb,0.0,0.0
2020-08-01,Dhuusamarreeb,2026.0,166.0
2020-09-01,Dhuusamarreeb,52.0,219.0
2020-10-01,Dhuusamarreeb,758.0,72.0
2020-11-01,Dhuusamarreeb,405.0,92.0
2020-12-01,Dhuusamarreeb,,
2021-01-01,Dhuusamarreeb,613.0,175.0
2021-02-01,Dhuusamarreeb,643.0,169.0
2021-03-01,Dhuusamarreeb,879.0,191.0
2021-04-01,Dhuusamarreeb,1046.0,348.0
2021-05-01,Dhuusamarreeb,703.0,305.0
2021-06-01,Dhuusamarreeb,990.0,457.0
2021-07-01,Dhuusamarreeb,688.0,143.0
2021-08-01,Dhuusamarreeb,275.0,165.0
2021-09-01,Dhuusamarreeb,1723.0,680.0
2021-10-01,Dhuusamarreeb,1126.0,1091.0
2021-11-01,Dhuusamarreeb,2646.0,976.0
2019-01-01,Diinsoor,30.0,60.0
2019-02-01,Diinsoor,203.0,27.0
2019-03-01,Diinsoor,12.0,20.0
2019-04-01,Diinsoor,35.0,45.0
2019-05-01,Diinsoor,0.0,10.0
2019-06-01,Diinsoor,150.0,187.0
2019-07-01,Diinsoor,,
2019-08-01,Diinsoor,,
2019-09-01,Diinsoor,277.0,137.0
2019-10-01,Diinsoor,,
2019-11-01,Diinsoor,0.0,573.0
2019-12-01,Diinsoor,0.0,444.0
2020-01-01,Diinsoor,0.0,479.0
2020-02-01,Diinsoor,39.0,776.0
2020-03-01,Diinsoor,132.0,419.0
2020-04-01,Diinsoor,251.0,504.0
2020-05-01,Diinsoor,0.0,842.0
2020-06-01,Diinsoor,0.0,557.0
2020-07-01,Diinsoor,0.0,0.0
2020-08-01,Diinsoor,0.0,0.0
2020-09-01,Diinsoor,0.0,0.0
2020-10-01,Diinsoor,0.0,0.0
2020-11-01,Diinsoor,0.0,0.0
2020-12-01,Diinsoor,0.0,0.0
2021-01-01,Diinsoor,150.0,83.0
2021-02-01,Diinsoor,54.0,24.0
2021-03-01,Diinsoor,54.0,13.0
2021-04-01,Diinsoor,69.0,48.0
2021-05-01,Diinsoor,35.0,82.0
2021-06-01,Diinsoor,69.0,472.0
2021-07-01,Diinsoor,48.0,242.0
2021-08-01,Diinsoor,24.0,435.0
2021-09-01,Diinsoor,35.0,227.0
2021-10-01,Diinsoor,156.0,239.0
2021-11-01,Diinsoor,145.0,204.0
2019-01-01,Doolow,868.0,621.0
2019-02-01,Doolow,1172.0,548.0
2019-03-01,Doolow,936.0,449.0
2019-04-01,Doolow,920.0,465.0
2019-05-01,Doolow,695.0,384.0
2019-06-01,Doolow,1235.0,769.0
2019-07-01,Doolow,823.0,514.0
2019-08-01,Doolow,1112.0,490.0
2019-09-01,Doolow,655.0,335.0
2019-10-01,Doolow,798.0,532.0
2019-11-01,Doolow,1076.0,537.0
2019-12-01,Doolow,898.0,530.0
2020-01-01,Doolow,383.0,376.0
2020-02-01,Doolow,689.0,465.0
2020-03-01,Doolow,504.0,424.0
2020-04-01,Doolow,653.0,497.0
2020-05-01,Doolow,642.0,727.0
2020-06-01,Doolow,719.0,499.0
2020-07-01,Doolow,1117.0,466.0
2020-08-01,Doolow,1003.0,513.0
2020-09-01,Doolow,648.0,378.0
2020-10-01,Doolow,836.0,500.0
2020-11-01,Doolow,625.0,456.0
2020-12-01,Doolow,1055.0,607.0
2021-01-01,Doolow,857.0,519.0
2021-02-01,Doolow,834.0,430.0
2021-03-01,Doolow,1180.0,487.0
2021-04-01,Doolow,1113.0,566.0
2021-05-01,Doolow,933.0,479.0
2021-06-01,Doolow,1222.0,607.0
2021-07-01,Doolow,668.0,379.0
2021-08-01,Doolow,1063.0,514.0
2021-09-01,Doolow,968.0,392.0
2021-10-01,Doolow,1075.0,558.0
2021-11-01,Doolow,949.0,493.0
2019-01-01,Eyl,152.0,220.0
2019-02-01,Eyl,93.0,105.0
2019-03-01,Eyl,49.0,121.0
2019-04-01,Eyl,93.0,153.0
2019-05-01,Eyl,402.0,200.0
2019-06-01,Eyl,5.0,136.0
2019-07-01,Eyl,0.0,108.0
2019-08-01,Eyl,0.0,204.0
2019-09-01,Eyl,0.0,158.0
2019-10-01,Eyl,0.0,270.0
2019-11-01,Eyl,0.0,229.0
2019-12-01,Eyl,0.0,203.0
2020-01-01,Eyl,0.0,169.0
2020-02-01,Eyl,353.0,123.0
2020-03-01,Eyl,173.0,343.0
2020-04-01,Eyl,149.0,239.0
2020-05-01,Eyl,134.0,344.0
2020-06-01,Eyl,109.0,397.0
2020-07-01,Eyl,170.0,442.0
2020-08-01,Eyl,270.0,225.0
2020-09-01,Eyl,218.0,440.0
2020-10-01,Eyl,298.0,286.0
2020-11-01,Eyl,177.0,303.0
2020-12-01,Eyl,147.0,230.0
2021-01-01,Eyl,120.0,204.0
2021-02-01,Eyl,0.0,248.0
2021-03-01,Eyl,103.0,231.0
2021-04-01,Eyl,110.0,48.0
2021-05-01,Eyl,142.0,100.0
2021-06-01,Eyl,110.0,138.0
2021-07-01,Eyl,100.0,250.0
2021-08-01,Eyl,345.0,238.0
2021-09-01,Eyl,0.0,362.0
2021-10-01,Eyl,184.0,298.0
2021-11-01,Eyl,0.0,146.0
2019-01-01,Gaalkacyo,0.0,427.0
2019-02-01,Gaalkacyo,0.0,301.0
2019-03-01,Gaalkacyo,0.0,191.0
2019-04-01,Gaalkacyo,0.0,229.0
2019-05-01,Gaalkacyo,0.0,176.0
2019-06-01,Gaalkacyo,0.0,270.0
2019-07-01,Gaalkacyo,0.0,326.0
2019-08-01,Gaalkacyo,0.0,167.0
2019-09-01,Gaalkacyo,0.0,244.0
2019-10-01,Gaalkacyo,0.0,382.0
2019-11-01,Gaalkacyo,1325.0,378.0
2019-12-01,Gaalkacyo,58.0,517.0
2020-01-01,Gaalkacyo,1424.0,349.0
2020-02-01,Gaalkacyo,20.0,234.0
2020-03-01,Gaalkacyo,19.0,279.0
2020-04-01,Gaalkacyo,107.0,306.0
2020-05-01,Gaalkacyo,816.0,246.0
2020-06-01,Gaalkacyo,131.0,339.0
2020-07-01,Gaalkacyo,7919.0,420.0
2020-08-01,Gaalkacyo,8054.0,267.0
2020-09-01,Gaalkacyo,4785.0,432.0
2020-10-01,Gaalkacyo,4763.0,306.0
2020-11-01,Gaalkacyo,295.0,321.0
2020-12-01,Gaalkacyo,3476.0,328.0
2021-01-01,Gaalkacyo,4245.0,283.0
2021-02-01,Gaalkacyo,406.0,518.0
2021-03-01,Gaalkacyo,5484.0,521.0
2021-04-01,Gaalkacyo,1208.0,366.0
2021-05-01,Gaalkacyo,2985.0,539.0
2021-06-01,Gaalkacyo,771.0,730.0
2021-07-01,Gaalkacyo,318.0,495.0
2021-08-01,Gaalkacyo,238.0,252.0
2021-09-01,Gaalkacyo,2832.0,255.0
2021-10-01,Gaalkacyo,5020.0,366.0
2021-11-01,Gaalkacyo,774.0,625.0
2019-01-01,Galdogob,0.0,81.0
2019-02-01,Galdogob,0.0,43.0
2019-03-01,Galdogob,0.0,103.0
2019-04-01,Galdogob,0.0,78.0
2019-05-01,Galdogob,0.0,82.0
2019-06-01,Galdogob,0.0,113.0
2019-07-01,Galdogob,0.0,125.0
2019-08-01,Galdogob,0.0,92.0
2019-09-01,Galdogob,0.0,76.0
2019-10-01,Galdogob,0.0,92.0
2019-11-01,Galdogob,0.0,114.0
2019-12-01,Galdogob,0.0,134.0
2020-01-01,Galdogob,0.0,82.0
2020-02-01,Galdogob,0.0,50.0
2020-03-01,Galdogob,0.0,78.0
2020-04-01,Galdogob,0.0,22.0
2020-05-01,Galdogob,0.0,84.0
2020-06-01,Galdogob,0.0,55.0
2020-07-01,Galdogob,0.0,74.0
2020-08-01,Galdogob,75.0,60.0
2020-09-01,Galdogob,106.0,83.0
2020-10-01,Galdogob,169.0,78.0
2020-11-01,Galdogob,189.0,80.0
2020-12-01,Galdogob,0.0,55.0
2021-01-01,Galdogob,103.0,103.0
2021-02-01,Galdogob,173.0,62.0
2021-03-01,Galdogob,243.0,103.0
2021-04-01,Galdogob,488.0,81.0
2021-05-01,Galdogob,194.0,118.0
2021-06-01,Galdogob,139.0,99.0
2021-07-01,Galdogob,293.0,87.0
2021-08-01,Galdogob,170.0,109.0
2021-09-01,Galdogob,260.0,173.0
2021-10-01,Galdogob,148.0,135.0
2021-11-01,Galdogob,144.0,124.0
2019-01-01,Garbahaarey,0.0,172.0
2019-02-01,Garbahaarey,95.0,162.0
2019-03-01,Garbahaarey,0.0,154.0
2019-04-01,Garbahaarey,121.0,39.0
2019-05-01,Garbahaarey,361.0,659.0
2019-06-01,Garbahaarey,269.0,506.0
2019-07-01,Garbahaarey,194.0,463.0
2019-08-01,Garbahaarey,117.0,604.0
2019-09-01,Garbahaarey,330.0,235.0
2019-10-01,Garbahaarey,210.0,271.0
2019-11-01,Garbahaarey,979.0,327.0
2019-12-01,Garbahaarey,0.0,172.0
2020-01-01,Garbahaarey,344.0,303.0
2020-02-01,Garbahaarey,23.0,185.0
2020-03-01,Garbahaarey,485.0,446.0
2020-04-01,Garbahaarey,160.0,293.0
2020-05-01,Garbahaarey,533.0,327.0
2020-06-01,Garbahaarey,106.0,288.0
2020-07-01,Garbahaarey,443.0,310.0
2020-08-01,Garbahaarey,266.0,309.0
2020-09-01,Garbahaarey,257.0,279.0
2020-10-01,Garbahaarey,275.0,290.0
2020-11-01,Garbahaarey,0.0,156.0
2020-12-01,Garbahaarey,,
2021-01-01,Garbahaarey,,
2021-02-01,Garbahaarey,,
2021-03-01,Garbahaarey,644.0,421.0
2021-04-01,Garbahaarey,1044.0,242.0
2021-05-01,Garbahaarey,737.0,161.0
2021-06-01,Garbahaarey,1620.0,436.0
2021-07-01,Garbahaarey,2426.0,160.0
2021-08-01,Garbahaarey,1821.0,224.0
2021-09-01,Garbahaarey,550.0,193.0
2021-10-01,Garbahaarey,1178.0,246.0
2021-11-01,Garbahaarey,1362.0,193.0
2019-01-01,Garoowe,0.0,183.0
2019-02-01,Garoowe,74.0,156.0
2019-03-01,Garoowe,339.0,158.0
2019-04-01,Garoowe,0.0,132.0
2019-05-01,Garoowe,0.0,143.0
2019-06-01,Garoowe,470.0,200.0
2019-07-01,Garoowe,153.0,259.0
2019-08-01,Garoowe,0.0,127.0
2019-09-01,Garoowe,0.0,221.0
2019-10-01,Garoowe,0.0,162.0
2019-11-01,Garoowe,0.0,184.0
2019-12-01,Garoowe,0.0,177.0
2020-01-01,Garoowe,0.0,181.0
2020-02-01,Garoowe,286.0,136.0
2020-03-01,Garoowe,0.0,163.0
2020-04-01,Garoowe,5924.0,148.0
2020-05-01,Garoowe,149.0,210.0
2020-06-01,Garoowe,147.0,179.0
2020-07-01,Garoowe,195.0,164.0
2020-08-01,Garoowe,98.0,187.0
2020-09-01,Garoowe,891.0,307.0
2020-10-01,Garoowe,873.0,407.0
2020-11-01,Garoowe,276.0,282.0
2020-12-01,Garoowe,518.0,413.0
2021-01-01,Garoowe,717.0,285.0
2021-02-01,Garoowe,221.0,215.0
2021-03-01,Garoowe,246.0,248.0
2021-04-01,Garoowe,701.0,188.0
2021-05-01,Garoowe,427.0,172.0
2021-06-01,Garoowe,652.0,127.0
2021-07-01,Garoowe,258.0,101.0
2021-08-01,Garoowe,101.0,112.0
2021-09-01,Garoowe,0.0,113.0
2021-10-01,Garoowe,0.0,97.0
2021-11-01,Garoowe,0.0,129.0
2019-01-01,Gebiley,321.0,154.0
2019-02-01,Gebiley,194.0,126.0
2019-03-01,Gebiley,249.0,172.0
2019-04-01,Gebiley,290.0,233.0
2019-05-01,Gebiley,98.0,178.0
2019-06-01,Gebiley,97.0,183.0
2019-07-01,Gebiley,458.0,131.0
2019-08-01,Gebiley,250.0,71.0
2019-09-01,Gebiley,769.0,96.0
2019-10-01,Gebiley,714.0,85.0
2019-11-01,Gebiley,867.0,82.0
2019-12-01,Gebiley,827.0,56.0
2020-01-01,Gebiley,733.0,97.0
2020-02-01,Gebiley,737.0,114.0
2020-03-01,Gebiley,730.0,83.0
2020-04-01,Gebiley,498.0,88.0
2020-05-01,Gebiley,743.0,96.0
2020-06-01,Gebiley,925.0,175.0
2020-07-01,Gebiley,913.0,208.0
2020-08-01,Gebiley,691.0,174.0
2020-09-01,Gebiley,873.0,196.0
2020-10-01,Gebiley,1085.0,188.0
2020-11-01,Gebiley,1827.0,288.0
2020-12-01,Gebiley,1090.0,259.0
2021-01-01,Gebiley,824.0,261.0
2021-02-01,Gebiley,832.0,231.0
2021-03-01,Gebiley,1095.0,302.0
2021-04-01,Gebiley,586.0,466.0
2021-05-01,Gebiley,1168.0,555.0
2021-06-01,Gebiley,1069.0,292.0
2021-07-01,Gebiley,679.0,169.0
2021-08-01,Gebiley,833.0,157.0
2021-09-01,Gebiley,801.0,154.0
2021-10-01,Gebiley,1167.0,226.0
2021-11-01,Gebiley,1063.0,245.0
2019-01-01,Hargeysa,634.0,476.0
2019-02-01,Hargeysa,888.0,540.0
2019-03-01,Hargeysa,712.0,673.0
2019-04-01,Hargeysa,581.0,690.0
2019-05-01,Hargeysa,366.0,542.0
2019-06-01,Hargeysa,1155.0,683.0
2019-07-01,Hargeysa,362.0,445.0
2019-08-01,Hargeysa,544.0,400.0
2019-09-01,Hargeysa,2385.0,431.0
2019-10-01,Hargeysa,2099.0,369.0
2019-11-01,Hargeysa,1850.0,402.0
2019-12-01,Hargeysa,1910.0,415.0
2020-01-01,Hargeysa,1480.0,695.0
2020-02-01,Hargeysa,1570.0,624.0
2020-03-01,Hargeysa,1560.0,522.0
2020-04-01,Hargeysa,785.0,489.0
2020-05-01,Hargeysa,1517.0,475.0
2020-06-01,Hargeysa,1261.0,424.0
2020-07-01,Hargeysa,1529.0,476.0
2020-08-01,Hargeysa,1573.0,498.0
2020-09-01,Hargeysa,1924.0,529.0
2020-10-01,Hargeysa,923.0,559.0
2020-11-01,Hargeysa,4129.0,563.0
2020-12-01,Hargeysa,3801.0,704.0
2021-01-01,Hargeysa,2651.0,781.0
2021-02-01,Hargeysa,2082.0,637.0
2021-03-01,Hargeysa,3035.0,489.0
2021-04-01,Hargeysa,2911.0,703.0
2021-05-01,Hargeysa,3125.0,794.0
2021-06-01,Hargeysa,3986.0,1112.0
2021-07-01,Hargeysa,2618.0,462.0
2021-08-01,Hargeysa,4778.0,483.0
2021-09-01,Hargeysa,3340.0,802.0
2021-10-01,Hargeysa,3202.0,950.0
2021-11-01,Hargeysa,2514.0,973.0
2019-01-01,Hobyo,140.0,171.0
2019-02-01,Hobyo,927.0,229.0
2019-03-01,Hobyo,181.0,157.0
2019-04-01,Hobyo,110.0,150.0
2019-05-01,Hobyo,219.0,200.0
2019-06-01,Hobyo,369.0,155.0
2019-07-01,Hobyo,528.0,255.0
2019-08-01,Hobyo,327.0,173.0
2019-09-01,Hobyo,703.0,673.0
2019-10-01,Hobyo,1060.0,295.0
2019-11-01,Hobyo,1365.0,185.0
2019-12-01,Hobyo,675.0,204.0
2020-01-01,Hobyo,1149.0,268.0
2020-02-01,Hobyo,148.0,161.0
2020-03-01,Hobyo,1516.0,316.0
2020-04-01,Hobyo,184.0,152.0
2020-05-01,Hobyo,19.0,17.0
2020-06-01,Hobyo,0.0,19.0
2020-07-01,Hobyo,156.0,82.0
2020-08-01,Hobyo,323.0,131.0
2020-09-01,Hobyo,250.0,141.0
2020-10-01,Hobyo,402.0,139.0
2020-11-01,Hobyo,405.0,118.0
2020-12-01,Hobyo,43.0,117.0
2021-01-01,Hobyo,427.0,128.0
2021-02-01,Hobyo,48.0,185.0
2021-03-01,Hobyo,43.0,188.0
2021-04-01,Hobyo,236.0,511.0
2021-05-01,Hobyo,191.0,258.0
2021-06-01,Hobyo,218.0,323.0
2021-07-01,Hobyo,636.0,85.0
2021-08-01,Hobyo,235.0,193.0
2021-09-01,Hobyo,597.0,186.0
2021-10-01,Hobyo,7.0,75.0
2021-11-01,Hobyo,367.0,298.0
2019-01-01,Iskushuban,0.0,141.0
2019-02-01,Iskushuban,0.0,46.0
2019-03-01,Iskushuban,0.0,145.0
2019-04-01,Iskushuban,1247.0,236.0
2019-05-01,Iskushuban,23.0,183.0
2019-06-01,Iskushuban,14.0,67.0
2019-07-01,Iskushuban,0.0,44.0
2019-08-01,Iskushuban,0.0,21.0
2019-09-01,Iskushuban,0.0,25.0
2019-10-01,Iskushuban,0.0,44.0
2019-11-01,Iskushuban,0.0,25.0
2019-12-01,Iskushuban,369.0,66.0
2020-01-01,Iskushuban,324.0,129.0
2020-02-01,Iskushuban,2449.0,106.0
2020-03-01,Iskushuban,0.0,41.0
2020-04-01,Iskushuban,417.0,63.0
2020-05-01,Iskushuban,0.0,76.0
2020-06-01,Iskushuban,831.0,73.0
2020-07-01,Iskushuban,0.0,97.0
2020-08-01,Iskushuban,0.0,110.0
2020-09-01,Iskushuban,0.0,132.0
2020-10-01,Iskushuban,0.0,120.0
2020-11-01,Iskushuban,0.0,87.0
2020-12-01,Iskushuban,0.0,96.0
2021-01-01,Iskushuban,766.0,89.0
2021-02-01,Iskushuban,952.0,82.0
2021-03-01,Iskushuban,1010.0,105.0
2021-04-01,Iskushuban,343.0,108.0
2021-05-01,Iskushuban,1904.0,97.0
2021-06-01,Iskushuban,1069.0,74.0
2021-07-01,Iskushuban,1583.0,34.0
2021-08-01,Iskushuban,741.0,58.0
2021-09-01,Iskushuban,676.0,36.0
2021-10-01,Iskushuban,1037.0,40.0
2021-11-01,Iskushuban,675.0,40.0
2019-01-01,Jariiban,0.0,163.0
2019-02-01,Jariiban,0.0,175.0
2019-03-01,Jariiban,0.0,127.0
2019-04-01,Jariiban,0.0,139.0
2019-05-01,Jariiban,0.0,214.0
2019-06-01,Jariiban,62.0,127.0
2019-07-01,Jariiban,67.0,102.0
2019-08-01,Jariiban,0.0,41.0
2019-09-01,Jariiban,134.0,217.0
2019-10-01,Jariiban,24.0,42.0
2019-11-01,Jariiban,30.0,43.0
2019-12-01,Jariiban,0.0,47.0
2020-01-01,Jariiban,16.0,55.0
2020-02-01,Jariiban,30.0,38.0
2020-03-01,Jariiban,0.0,30.0
2020-04-01,Jariiban,0.0,43.0
2020-05-01,Jariiban,0.0,22.0
2020-06-01,Jariiban,0.0,27.0
2020-07-01,Jariiban,0.0,32.0
2020-08-01,Jariiban,101.0,33.0
2020-09-01,Jariiban,153.0,43.0
2020-10-01,Jariiban,262.0,39.0
2020-11-01,Jariiban,266.0,43.0
2020-12-01,Jariiban,0.0,44.0
2021-01-01,Jariiban,195.0,122.0
2021-02-01,Jariiban,199.0,125.0
2021-03-01,Jariiban,244.0,28.0
2021-04-01,Jariiban,278.0,25.0
2021-05-01,Jariiban,49.0,17.0
2021-06-01,Jariiban,72.0,24.0
2021-07-01,Jariiban,94.0,28.0
2021-08-01,Jariiban,81.0,37.0
2021-09-01,Jariiban,61.0,43.0
2021-10-01,Jariiban,0.0,41.0
2021-11-01,Jariiban,0.0,71.0
2019-01-01,Jowhar,0.0,185.0
2019-02-01,Jowhar,606.0,163.0
2019-03-01,Jowhar,311.0,120.0
2019-04-01,Jowhar,208.0,19.0
2019-05-01,Jowhar,201.0,83.0
2019-06-01,Jowhar,128.0,30.0
2019-07-01,Jowhar,0.0,33.0
2019-08-01,Jowhar,125.0,57.0
2019-09-01,Jowhar,503.0,79.0
2019-10-01,Jowhar,388.0,156.0
2019-11-01,Jowhar,405.0,125.0
2019-12-01,Jowhar,1448.0,387.0
2020-01-01,Jowhar,447.0,253.0
2020-02-01,Jowhar,688.0,556.0
2020-03-01,Jowhar,551.0,462.0
2020-04-01,Jowhar,666.0,583.0
2020-05-01,Jowhar,279.0,466.0
2020-06-01,Jowhar,264.0,950.0
2020-07-01,Jowhar,321.0,648.0
2020-08-01,Jowhar,730.0,383.0
2020-09-01,Jowhar,978.0,210.0
2020-10-01,Jowhar,0.0,130.0
2020-11-01,Jowhar,0.0,330.0
2020-12-01,Jowhar,0.0,622.0
2021-01-01,Jowhar,0.0,430.0
2021-02-01,Jowhar,0.0,922.0
2021-03-01,Jowhar,0.0,460.0
2021-04-01,Jowhar,0.0,670.0
2021-05-01,Jowhar,107.0,1209.0
2021-06-01,Jowhar,1246.0,1634.0
2021-07-01,Jowhar,1231.0,716.0
2021-08-01,Jowhar,17.0,691.0
2021-09-01,Jowhar,479.0,505.0
2021-10-01,Jowhar,0.0,499.0
2021-11-01,Jowhar,263.0,601.0
2019-01-01,Kismaayo,963.0,2079.0
2019-02-01,Kismaayo,154.0,1284.0
2019-03-01,Kismaayo,440.0,1377.0
2019-04-01,Kismaayo,359.0,1030.0
2019-05-01,Kismaayo,2069.0,829.0
2019-06-01,Kismaayo,2258.0,1215.0
2019-07-01,Kismaayo,2613.0,826.0
2019-08-01,Kismaayo,1539.0,999.0
2019-09-01,Kismaayo,2943.0,1221.0
2019-10-01,Kismaayo,124.0,1088.0
2019-11-01,Kismaayo,181.0,243.0
2019-12-01,Kismaayo,525.0,779.0
2020-01-01,Kismaayo,414.0,471.0
2020-02-01,Kismaayo,834.0,724.0
2020-03-01,Kismaayo,1335.0,1176.0
2020-04-01,Kismaayo,3510.0,966.0
2020-05-01,Kismaayo,565.0,940.0
2020-06-01,Kismaayo,2790.0,1621.0
2020-07-01,Kismaayo,981.0,879.0
2020-08-01,Kismaayo,2698.0,343.0
2020-09-01,Kismaayo,1461.0,358.0
2020-10-01,Kismaayo,1682.0,316.0
2020-11-01,Kismaayo,2134.0,393.0
2020-12-01,Kismaayo,2655.0,450.0
2021-01-01,Kismaayo,2756.0,561.0
2021-02-01,Kismaayo,1828.0,329.0
2021-03-01,Kismaayo,1894.0,428.0
2021-04-01,Kismaayo,2705.0,276.0
2021-05-01,Kismaayo,455.0,252.0
2021-06-01,Kismaayo,510.0,1924.0
2021-07-01,Kismaayo,1292.0,2524.0
2021-08-01,Kismaayo,487.0,1487.0
2021-09-01,Kismaayo,2028.0,1198.0
2021-10-01,Kismaayo,854.0,369.0
2021-11-01,Kismaayo,1072.0,355.0
2019-01-01,Laas Caanood,965.0,238.0
2019-02-01,Laas Caanood,1635.0,225.0
2019-03-01,Laas Caanood,526.0,252.0
2019-04-01,Laas Caanood,893.0,315.0
2019-05-01,Laas Caanood,1602.0,263.0
2019-06-01,Laas Caanood,919.0,284.0
2019-07-01,Laas Caanood,1598.0,238.0
2019-08-01,Laas Caanood,2019.0,325.0
2019-09-01,Laas Caanood,1004.0,277.0
2019-10-01,Laas Caanood,1605.0,218.0
2019-11-01,Laas Caanood,1568.0,231.0
2019-12-01,Laas Caanood,1605.0,173.0
2020-01-01,Laas Caanood,1979.0,155.0
2020-02-01,Laas Caanood,1881.0,165.0
2020-03-01,Laas Caanood,1997.0,212.0
2020-04-01,Laas Caanood,2189.0,200.0
2020-05-01,Laas Caanood,1891.0,198.0
2020-06-01,Laas Caanood,1893.0,151.0
2020-07-01,Laas Caanood,1979.0,152.0
2020-08-01,Laas Caanood,1974.0,170.0
2020-09-01,Laas Caanood,1671.0,153.0
2020-10-01,Laas Caanood,1920.0,142.0
2020-11-01,Laas Caanood,1795.0,166.0
2020-12-01,Laas Caanood,3354.0,167.0
2021-01-01,Laas Caanood,1787.0,168.0
2021-02-01,Laas Caanood,1747.0,78.0
2021-03-01,Laas Caanood,2131.0,80.0
2021-04-01,Laas Caanood,2549.0,64.0
2021-05-01,Laas Caanood,2435.0,121.0
2021-06-01,Laas Caanood,2161.0,234.0
2021-07-01,Laas Caanood,1780.0,211.0
2021-08-01,Laas Caanood,2261.0,181.0
2021-09-01,Laas Caanood,2209.0,222.0
2021-10-01,Laas Caanood,2404.0,248.0
2021-11-01,Laas Caanood,329.0,224.0
2019-01-01,Laasqoray,101.0,89.0
2019-02-01,Laasqoray,169.0,92.0
2019-03-01,Laasqoray,246.0,72.0
2019-04-01,Laasqoray,249.0,103.0
2019-05-01,Laasqoray,256.0,82.0
2019-06-01,Laasqoray,415.0,156.0
2019-07-01,Laasqoray,16.0,100.0
2019-08-01,Laasqoray,102.0,37.0
2019-09-01,Laasqoray,88.0,17.0
2019-10-01,Laasqoray,103.0,142.0
2019-11-01,Laasqoray,255.0,174.0
2019-12-01,Laasqoray,110.0,167.0
2020-01-01,Laasqoray,95.0,63.0
2020-02-01,Laasqoray,256.0,80.0
2020-03-01,Laasqoray,106.0,111.0
2020-04-01,Laasqoray,86.0,135.0
2020-05-01,Laasqoray,283.0,161.0
2020-06-01,Laasqoray,743.0,173.0
2020-07-01,Laasqoray,414.0,241.0
2020-08-01,Laasqoray,0.0,180.0
2020-09-01,Laasqoray,0.0,176.0
2020-10-01,Laasqoray,272.0,137.0
2020-11-01,Laasqoray,596.0,161.0
2020-12-01,Laasqoray,348.0,194.0
2021-01-01,Laasqoray,169.0,136.0
2021-02-01,Laasqoray,453.0,136.0
2021-03-01,Laasqoray,160.0,159.0
2021-04-01,Laasqoray,201.0,258.0
2021-05-01,Laasqoray,411.0,166.0
2021-06-01,Laasqoray,150.0,178.0
2021-07-01,Laasqoray,198.0,117.0
2021-08-01,Laasqoray,147.0,129.0
2021-09-01,Laasqoray,205.0,176.0
2021-10-01,Laasqoray,0.0,33.0
2021-11-01,Laasqoray,0.0,49.0
2019-01-01,Lughaye,0.0,31.0
2019-02-01,Lughaye,38.0,137.0
2019-03-01,Lughaye,0.0,177.0
2019-04-01,Lughaye,33.0,244.0
2019-05-01,Lughaye,68.0,150.0
2019-06-01,Lughaye,48.0,181.0
2019-07-01,Lughaye,22.0,27.0
2019-08-01,Lughaye,21.0,2.0
2019-09-01,Lughaye,330.0,43.0
2019-10-01,Lughaye,561.0,48.0
2019-11-01,Lughaye,559.0,67.0
2019-12-01,Lughaye,289.0,14.0
2020-01-01,Lughaye,579.0,111.0
2020-02-01,Lughaye,493.0,13.0
2020-03-01,Lughaye,567.0,83.0
2020-04-01,Lughaye,247.0,131.0
2020-05-01,Lughaye,655.0,80.0
2020-06-01,Lughaye,276.0,109.0
2020-07-01,Lughaye,311.0,113.0
2020-08-01,Lughaye,311.0,102.0
2020-09-01,Lughaye,470.0,116.0
2020-10-01,Lughaye,397.0,61.0
2020-11-01,Lughaye,576.0,40.0
2020-12-01,Lughaye,394.0,37.0
2021-01-01,Lughaye,531.0,90.0
2021-02-01,Lughaye,621.0,48.0
2021-03-01,Lughaye,476.0,82.0
2021-04-01,Lughaye,1000.0,71.0
2021-05-01,Lughaye,545.0,57.0
2021-06-01,Lughaye,312.0,105.0
2021-07-01,Lughaye,671.0,217.0
2021-08-01,Lughaye,801.0,226.0
2021-09-01,Lughaye,888.0,31.0
2021-10-01,Lughaye,390.0,47.0
2021-11-01,Lughaye,537.0,40.0
2019-01-01,Luuq,235.0,594.0
2019-02-01,Luuq,288.0,650.0
2019-03-01,Luuq,259.0,131.0
2019-04-01,Luuq,401.0,283.0
2019-05-01,Luuq,423.0,527.0
2019-06-01,Luuq,524.0,311.0
2019-07-01,Luuq,421.0,265.0
2019-08-01,Luuq,376.0,120.0
2019-09-01,Luuq,597.0,200.0
2019-10-01,Luuq,615.0,397.0
2019-11-01,Luuq,459.0,381.0
2019-12-01,Luuq,364.0,478.0
2020-01-01,Luuq,386.0,146.0
2020-02-01,Luuq,215.0,150.0
2020-03-01,Luuq,249.0,0.0
2020-04-01,Luuq,417.0,55.0
2020-05-01,Luuq,136.0,96.0
2020-06-01,Luuq,671.0,120.0
2020-07-01,Luuq,807.0,430.0
2020-08-01,Luuq,478.0,356.0
2020-09-01,Luuq,587.0,399.0
2020-10-01,Luuq,683.0,354.0
2020-11-01,Luuq,383.0,456.0
2020-12-01,Luuq,487.0,464.0
2021-01-01,Luuq,149.0,91.0
2021-02-01,Luuq,498.0,154.0
2021-03-01,Luuq,943.0,116.0
2021-04-01,Luuq,577.0,155.0
2021-05-01,Luuq,202.0,554.0
2021-06-01,Luuq,858.0,412.0
2021-07-01,Luuq,533.0,93.0
2021-08-01,Luuq,235.0,123.0
2021-09-01,Luuq,292.0,293.0
2021-10-01,Luuq,586.0,306.0
2021-11-01,Luuq,565.0,727.0
2019-01-01,Marka,274.0,297.0
2019-02-01,Marka,541.0,331.0
2019-03-01,Marka,87.0,297.0
2019-04-01,Marka,155.0,294.0
2019-05-01,Marka,50.0,459.0
2019-06-01,Marka,87.0,162.0
2019-07-01,Marka,61.0,706.0
2019-08-01,Marka,287.0,836.0
2019-09-01,Marka,127.0,818.0
2019-10-01,Marka,0.0,609.0
2019-11-01,Marka,105.0,662.0
2019-12-01,Marka,53.0,758.0
2020-01-01,Marka,0.0,680.0
2020-02-01,Marka,67.0,686.0
2020-03-01,Marka,22.0,552.0
2020-04-01,Marka,26.0,746.0
2020-05-01,Marka,98.0,536.0
2020-06-01,Marka,63.0,796.0
2020-07-01,Marka,0.0,630.0
2020-08-01,Marka,635.0,662.0
2020-09-01,Marka,647.0,815.0
2020-10-01,Marka,2031.0,792.0
2020-11-01,Marka,1432.0,1004.0
2020-12-01,Marka,3281.0,848.0
2021-01-01,Marka,2271.0,910.0
2021-02-01,Marka,19.0,454.0
2021-03-01,Marka,22.0,793.0
2021-04-01,Marka,34.0,751.0
2021-05-01,Marka,14.0,487.0
2021-06-01,Marka,20.0,523.0
2021-07-01,Marka,55.0,499.0
2021-08-01,Marka,49.0,325.0
2021-09-01,Marka,61.0,348.0
2021-10-01,Marka,118.0,498.0
2021-11-01,Marka,127.0,469.0
2019-01-01,Owdweyne,0.0,26.0
2019-02-01,Owdweyne,0.0,54.0
2019-03-01,Owdweyne,13.0,29.0
2019-04-01,Owdweyne,30.0,39.0
2019-05-01,Owdweyne,0.0,28.0
2019-06-01,Owdweyne,0.0,28.0
2019-07-01,Owdweyne,0.0,60.0
2019-08-01,Owdweyne,0.0,25.0
2019-09-01,Owdweyne,0.0,8.0
2019-10-01,Owdweyne,0.0,41.0
2019-11-01,Owdweyne,0.0,40.0
2019-12-01,Owdweyne,0.0,25.0
2020-01-01,Owdweyne,52.0,109.0
2020-02-01,Owdweyne,160.0,118.0
2020-03-01,Owdweyne,148.0,122.0
2020-04-01,Owdweyne,85.0,101.0
2020-05-01,Owdweyne,3.0,112.0
2020-06-01,Owdweyne,154.0,172.0
2020-07-01,Owdweyne,322.0,120.0
2020-08-01,Owdweyne,2.0,53.0
2020-09-01,Owdweyne,12.0,43.0
2020-10-01,Owdweyne,83.0,72.0
2020-11-01,Owdweyne,299.0,52.0
2020-12-01,Owdweyne,580.0,61.0
2021-01-01,Owdweyne,144.0,41.0
2021-02-01,Owdweyne,189.0,35.0
2021-03-01,Owdweyne,489.0,51.0
2021-04-01,Owdweyne,437.0,37.0
2021-05-01,Owdweyne,385.0,16.0
2021-06-01,Owdweyne,347.0,37.0
2021-07-01,Owdweyne,519.0,84.0
2021-08-01,Owdweyne,721.0,95.0
2021-09-01,Owdweyne,586.0,60.0
2021-10-01,Owdweyne,744.0,42.0
2021-11-01,Owdweyne,103.0,56.0
2019-01-01,Qandala,0.0,52.0
2019-02-01,Qandala,0.0,22.0
2019-03-01,Qandala,,
2019-04-01,Qandala,0.0,90.0
2019-05-01,Qandala,0.0,156.0
2019-06-01,Qandala,0.0,159.0
2019-07-01,Qandala,0.0,52.0
2019-08-01,Qandala,0.0,89.0
2019-09-01,Qandala,0.0,67.0
2019-10-01,Qandala,0.0,72.0
2019-11-01,Qandala,,
2019-12-01,Qandala,0.0,14.0
2020-01-01,Qandala,0.0,25.0
2020-02-01,Qandala,0.0,43.0
2020-03-01,Qandala,0.0,38.0
2020-04-01,Qandala,0.0,66.0
2020-05-01,Qandala,0.0,39.0
2020-06-01,Qandala,0.0,30.0
2020-07-01,Qandala,0.0,33.0
2020-08-01,Qandala,0.0,46.0
2020-09-01,Qandala,0.0,41.0
2020-10-01,Qandala,0.0,44.0
2020-11-01,Qandala,0.0,41.0
2020-12-01,Qandala,0.0,31.0
2021-01-01,Qandala,0.0,25.0
2021-02-01,Qandala,0.0,26.0
2021-03-01,Qandala,0.0,23.0
2021-04-01,Qandala,0.0,40.0
2021-05-01,Qandala,0.0,30.0
2021-06-01,Qandala,0.0,43.0
2021-07-01,Qandala,0.0,19.0
2021-08-01,Qandala,0.0,48.0
2021-09-01,Qandala,0.0,31.0
2021-10-01,Qandala,0.0,72.0
2021-11-01,Qandala,0.0,53.0
2019-01-01,Qardho,0.0,174.0
2019-02-01,Qardho,6.0,56.0
2019-03-01,Qardho,0.0,197.0
2019-04-01,Qardho,1473.0,200.0
2019-05-01,Qardho,78.0,140.0
2019-06-01,Qardho,0.0,153.0
2019-07-01,Qardho,,
2019-08-01,Qardho,0.0,48.0
2019-09-01,Qardho,,
2019-10-01,Qardho,,
2019-11-01,Qardho,,
2019-12-01,Qardho,598.0,0.0
2020-01-01,Qardho,0.0,147.0
2020-02-01,Qardho,1908.0,39.0
2020-03-01,Qardho,0.0,34.0
2020-04-01,Qardho,895.0,43.0
2020-05-01,Qardho,0.0,63.0
2020-06-01,Qardho,1487.0,45.0
2020-07-01,Qardho,0.0,36.0
2020-08-01,Qardho,0.0,56.0
2020-09-01,Qardho,0.0,107.0
2020-10-01,Qardho,0.0,67.0
2020-11-01,Qardho,0.0,65.0
2020-12-01,Qardho,0.0,80.0
2021-01-01,Qardho,1399.0,104.0
2021-02-01,Qardho,1051.0,109.0
2021-03-01,Qardho,1409.0,80.0
2021-04-01,Qardho,353.0,84.0
2021-05-01,Qardho,1401.0,88.0
2021-06-01,Qardho,803.0,111.0
2021-07-01,Qardho,0.0,69.0
2021-08-01,Qardho,0.0,54.0
2021-09-01,Qardho,0.0,40.0
2021-10-01,Qardho,0.0,52.0
2021-11-01,Qardho,0.0,54.0
2019-01-01,Qansax Dheere,0.0,226.0
2019-02-01,Qansax Dheere,90.0,96.0
2019-03-01,Qansax Dheere,116.0,170.0
2019-04-01,Qansax Dheere,224.0,2217.0
2019-05-01,Qansax Dheere,179.0,322.0
2019-06-01,Qansax Dheere,105.0,527.0
2019-07-01,Qansax Dheere,142.0,592.0
2019-08-01,Qansax Dheere,152.0,210.0
2019-09-01,Qansax Dheere,126.0,161.0
2019-10-01,Qansax Dheere,247.0,68.0
2019-11-01,Qansax Dheere,166.0,55.0
2019-12-01,Qansax Dheere,284.0,94.0
2020-01-01,Qansax Dheere,127.0,66.0
2020-02-01,Qansax Dheere,86.0,62.0
2020-03-01,Qansax Dheere,63.0,26.0
2020-04-01,Qansax Dheere,138.0,89.0
2020-05-01,Qansax Dheere,163.0,104.0
2020-06-01,Qansax Dheere,198.0,92.0
2020-07-01,Qansax Dheere,90.0,100.0
2020-08-01,Qansax Dheere,286.0,96.0
2020-09-01,Qansax Dheere,107.0,91.0
2020-10-01,Qansax Dheere,,
2020-11-01,Qansax Dheere,,
2020-12-01,Qansax Dheere,116.0,77.0
2021-01-01,Qansax Dheere,317.0,136.0
2021-02-01,Qansax Dheere,143.0,54.0
2021-03-01,Qansax Dheere,164.0,80.0
2021-04-01,Qansax Dheere,126.0,58.0
2021-05-01,Qansax Dheere,231.0,62.0
2021-06-01,Qansax Dheere,712.0,213.0
2021-07-01,Qansax Dheere,563.0,224.0
2021-08-01,Qansax Dheere,1000.0,550.0
2021-09-01,Qansax Dheere,310.0,244.0
2021-10-01,Qansax Dheere,264.0,141.0
2021-11-01,Qansax Dheere,409.0,754.0
2019-01-01,Qoryooley,0.0,147.0
2019-02-01,Qoryooley,0.0,149.0
2019-03-01,Qoryooley,0.0,157.0
2019-04-01,Qoryooley,0.0,151.0
2019-05-01,Qoryooley,0.0,126.0
2019-06-01,Qoryooley,0.0,40.0
2019-07-01,Qoryooley,0.0,111.0
2019-08-01,Qoryooley,0.0,437.0
2019-09-01,Qoryooley,0.0,232.0
2019-10-01,Qoryooley,0.0,175.0
2019-11-01,Qoryooley,0.0,138.0
2019-12-01,Qoryooley,0.0,101.0
2020-01-01,Qoryooley,111.0,156.0
2020-02-01,Qoryooley,190.0,201.0
2020-03-01,Qoryooley,129.0,167.0
2020-04-01,Qoryooley,44.0,173.0
2020-05-01,Qoryooley,32.0,222.0
2020-06-01,Qoryooley,0.0,80.0
2020-07-01,Qoryooley,0.0,205.0
2020-08-01,Qoryooley,0.0,217.0
2020-09-01,Qoryooley,0.0,264.0
2020-10-01,Qoryooley,0.0,149.0
2020-11-01,Qoryooley,0.0,219.0
2020-12-01,Qoryooley,0.0,133.0
2021-01-01,Qoryooley,54.0,286.0
2021-02-01,Qoryooley,86.0,201.0
2021-03-01,Qoryooley,80.0,148.0
2021-04-01,Qoryooley,7.0,137.0
2021-05-01,Qoryooley,41.0,150.0
2021-06-01,Qoryooley,87.0,181.0
2021-07-01,Qoryooley,0.0,127.0
2021-08-01,Qoryooley,99.0,112.0
2021-09-01,Qoryooley,78.0,161.0
2021-10-01,Qoryooley,0.0,184.0
2021-11-01,Qoryooley,0.0,166.0
2019-01-01,Rab Dhuure,78.0,237.0
2019-02-01,Rab Dhuure,75.0,0.0
2019-03-01,Rab Dhuure,64.0,0.0
2019-04-01,Rab Dhuure,58.0,327.0
2019-05-01,Rab Dhuure,64.0,200.0
2019-06-01,Rab Dhuure,62.0,86.0
2019-07-01,Rab Dhuure,60.0,223.0
2019-08-01,Rab Dhuure,57.0,147.0
2019-09-01,Rab Dhuure,58.0,439.0
2019-10-01,Rab Dhuure,56.0,282.0
2019-11-01,Rab Dhuure,111.0,371.0
2019-12-01,Rab Dhuure,200.0,406.0
2020-01-01,Rab Dhuure,186.0,255.0
2020-02-01,Rab Dhuure,280.0,270.0
2020-03-01,Rab Dhuure,194.0,265.0
2020-04-01,Rab Dhuure,134.0,240.0
2020-05-01,Rab Dhuure,0.0,49.0
2020-06-01,Rab Dhuure,0.0,318.0
2020-07-01,Rab Dhuure,0.0,181.0
2020-08-01,Rab Dhuure,0.0,163.0
2020-09-01,Rab Dhuure,0.0,157.0
2020-10-01,Rab Dhuure,0.0,199.0
2020-11-01,Rab Dhuure,0.0,146.0
2020-12-01,Rab Dhuure,0.0,181.0
2021-01-01,Rab Dhuure,98.0,225.0
2021-02-01,Rab Dhuure,78.0,244.0
2021-03-01,Rab Dhuure,82.0,198.0
2021-04-01,Rab Dhuure,151.0,242.0
2021-05-01,Rab Dhuure,40.0,205.0
2021-06-01,Rab Dhuure,181.0,78.0
2021-07-01,Rab Dhuure,119.0,62.0
2021-08-01,Rab Dhuure,145.0,86.0
2021-09-01,Rab Dhuure,74.0,128.0
2021-10-01,Rab Dhuure,138.0,138.0
2021-11-01,Rab Dhuure,128.0,128.0
2019-01-01,Sheikh,15.0,17.0
2019-02-01,Sheikh,12.0,15.0
2019-03-01,Sheikh,29.0,6.0
2019-04-01,Sheikh,27.0,4.0
2019-05-01,Sheikh,31.0,5.0
2019-06-01,Sheikh,21.0,7.0
2019-07-01,Sheikh,17.0,19.0
2019-08-01,Sheikh,17.0,7.0
2019-09-01,Sheikh,0.0,14.0
2019-10-01,Sheikh,72.0,6.0
2019-11-01,Sheikh,47.0,4.0
2019-12-01,Sheikh,11.0,6.0
2020-01-01,Sheikh,24.0,4.0
2020-02-01,Sheikh,24.0,3.0
2020-03-01,Sheikh,42.0,6.0
2020-04-01,Sheikh,42.0,5.0
2020-05-01,Sheikh,24.0,7.0
2020-06-01,Sheikh,0.0,6.0
2020-07-01,Sheikh,0.0,5.0
2020-08-01,Sheikh,0.0,7.0
2020-09-01,Sheikh,0.0,10.0
2020-10-01,Sheikh,0.0,11.0
2020-11-01,Sheikh,66.0,8.0
2020-12-01,Sheikh,464.0,0.0
2021-01-01,Sheikh,178.0,0.0
2021-02-01,Sheikh,108.0,0.0
2021-03-01,Sheikh,39.0,0.0
2021-04-01,Sheikh,537.0,0.0
2021-05-01,Sheikh,13.0,0.0
2021-06-01,Sheikh,22.0,0.0
2021-07-01,Sheikh,359.0,0.0
2021-08-01,Sheikh,284.0,0.0
2021-09-01,Sheikh,18.0,0.0
2021-10-01,Sheikh,28.0,0.0
2021-11-01,Sheikh,46.0,0.0
2019-01-01,Taleex,22.0,48.0
2019-02-01,Taleex,39.0,37.0
2019-03-01,Taleex,51.0,41.0
2019-04-01,Taleex,43.0,40.0
2019-05-01,Taleex,43.0,35.0
2019-06-01,Taleex,36.0,47.0
2019-07-01,Taleex,2.0,47.0
2019-08-01,Taleex,19.0,29.0
2019-09-01,Taleex,30.0,63.0
2019-10-01,Taleex,12.0,29.0
2019-11-01,Taleex,31.0,41.0
2019-12-01,Taleex,50.0,52.0
2020-01-01,Taleex,8.0,56.0
2020-02-01,Taleex,12.0,61.0
2020-03-01,Taleex,73.0,140.0
2020-04-01,Taleex,47.0,50.0
2020-05-01,Taleex,38.0,44.0
2020-06-01,Taleex,56.0,26.0
2020-07-01,Taleex,34.0,31.0
2020-08-01,Taleex,13.0,30.0
2020-09-01,Taleex,0.0,39.0
2020-10-01,Taleex,0.0,44.0
2020-11-01,Taleex,3.0,57.0
2020-12-01,Taleex,0.0,65.0
2021-01-01,Taleex,32.0,47.0
2021-02-01,Taleex,11.0,13.0
2021-03-01,Taleex,23.0,6.0
2021-04-01,Taleex,27.0,15.0
2021-05-01,Taleex,310.0,17.0
2021-06-01,Taleex,575.0,89.0
2021-07-01,Taleex,46.0,66.0
2021-08-01,Taleex,143.0,49.0
2021-09-01,Taleex,198.0,61.0
2021-10-01,Taleex,185.0,61.0
2021-11-01,Taleex,136.0,72.0
2019-01-01,Tayeeglow,0.0,44.0
2019-02-01,Tayeeglow,0.0,35.0
2019-03-01,Tayeeglow,0.0,31.0
2019-04-01,Tayeeglow,0.0,37.0
2019-05-01,Tayeeglow,0.0,36.0
2019-06-01,Tayeeglow,0.0,56.0
2019-07-01,Tayeeglow,0.0,82.0
2019-08-01,Tayeeglow,0.0,61.0
2019-09-01,Tayeeglow,193.0,57.0
2019-10-01,Tayeeglow,186.0,58.0
2019-11-01,Tayeeglow,260.0,76.0
2019-12-01,Tayeeglow,253.0,54.0
2020-01-01,Tayeeglow,273.0,59.0
2020-02-01,Tayeeglow,246.0,62.0
2020-03-01,Tayeeglow,232.0,52.0
2020-04-01,Tayeeglow,283.0,76.0
2020-05-01,Tayeeglow,247.0,61.0
2020-06-01,Tayeeglow,278.0,67.0
2020-07-01,Tayeeglow,240.0,80.0
2020-08-01,Tayeeglow,204.0,64.0
2020-09-01,Tayeeglow,267.0,57.0
2020-10-01,Tayeeglow,227.0,59.0
2020-11-01,Tayeeglow,214.0,50.0
2020-12-01,Tayeeglow,256.0,58.0
2021-01-01,Tayeeglow,281.0,66.0
2021-02-01,Tayeeglow,296.0,79.0
2021-03-01,Tayeeglow,278.0,75.0
2021-04-01,Tayeeglow,237.0,53.0
2021-05-01,Tayeeglow,299.0,66.0
2021-06-01,Tayeeglow,181.0,76.0
2021-07-01,Tayeeglow,246.0,73.0
2021-08-01,Tayeeglow,355.0,88.0
2021-09-01,Tayeeglow,,
2021-10-01,Tayeeglow,,
2021-11-01,Tayeeglow,,
2019-01-01,Waajid,0.0,288.0
2019-02-01,Waajid,63.0,110.0
2019-03-01,Waajid,189.0,57.0
2019-04-01,Waajid,225.0,370.0
2019-05-01,Waajid,483.0,329.0
2019-06-01,Waajid,381.0,373.0
2019-07-01,Waajid,305.0,289.0
2019-08-01,Waajid,407.0,338.0
2019-09-01,Waajid,402.0,385.0
2019-10-01,Waajid,0.0,114.0
2019-11-01,Waajid,0.0,272.0
2019-12-01,Waajid,326.0,313.0
2020-01-01,Waajid,0.0,271.0
2020-02-01,Waajid,134.0,604.0
2020-03-01,Waajid,1022.0,262.0
2020-04-01,Waajid,13.0,361.0
2020-05-01,Waajid,30.0,192.0
2020-06-01,Waajid,992.0,309.0
2020-07-01,Waajid,0.0,234.0
2020-08-01,Waajid,174.0,218.0
2020-09-01,Waajid,598.0,325.0
2020-10-01,Waajid,293.0,355.0
2020-11-01,Waajid,257.0,368.0
2020-12-01,Waajid,450.0,287.0
2021-01-01,Waajid,401.0,358.0
2021-02-01,Waajid,389.0,399.0
2021-03-01,Waajid,466.0,409.0
2021-04-01,Waajid,424.0,413.0
2021-05-01,Waajid,99.0,529.0
2021-06-01,Waajid,869.0,468.0
2021-07-01,Waajid,327.0,618.0
2021-08-01,Waajid,328.0,396.0
2021-09-01,Waajid,124.0,206.0
2021-10-01,Waajid,,
2021-11-01,Waajid,1115.0,350.0
2019-01-01,Wanla Weyn,24.0,301.0
2019-02-01,Wanla Weyn,20.0,119.0
2019-03-01,Wanla Weyn,87.0,213.0
2019-04-01,Wanla Weyn,78.0,158.0
2019-05-01,Wanla Weyn,85.0,361.0
2019-06-01,Wanla Weyn,129.0,443.0
2019-07-01,Wanla Weyn,386.0,465.0
2019-08-01,Wanla Weyn,308.0,257.0
2019-09-01,Wanla Weyn,320.0,403.0
2019-10-01,Wanla Weyn,300.0,302.0
2019-11-01,Wanla Weyn,240.0,250.0
2019-12-01,Wanla Weyn,567.0,186.0
2020-01-01,Wanla Weyn,285.0,175.0
2020-02-01,Wanla Weyn,107.0,248.0
2020-03-01,Wanla Weyn,88.0,165.0
2020-04-01,Wanla Weyn,134.0,201.0
2020-05-01,Wanla Weyn,439.0,231.0
2020-06-01,Wanla Weyn,441.0,526.0
2020-07-01,Wanla Weyn,361.0,393.0
2020-08-01,Wanla Weyn,340.0,464.0
2020-09-01,Wanla Weyn,359.0,438.0
2020-10-01,Wanla Weyn,429.0,333.0
2020-11-01,Wanla Weyn,498.0,430.0
2020-12-01,Wanla Weyn,426.0,229.0
2021-01-01,Wanla Weyn,354.0,442.0
2021-02-01,Wanla Weyn,258.0,243.0
2021-03-01,Wanla Weyn,448.0,837.0
2021-04-01,Wanla Weyn,1168.0,465.0
2021-05-01,Wanla Weyn,838.0,312.0
2021-06-01,Wanla Weyn,0.0,387.0
2021-07-01,Wanla Weyn,257.0,244.0
2021-08-01,Wanla Weyn,491.0,251.0
2021-09-01,Wanla Weyn,620.0,379.0
2021-10-01,Wanla Weyn,310.0,386.0
2021-11-01,Wanla Weyn,596.0,384.0
2019-01-01,Xarardheere,0.0,75.0
2019-02-01,Xarardheere,0.0,90.0
2019-03-01,Xarardheere,0.0,65.0
2019-04-01,Xarardheere,0.0,71.0
2019-05-01,Xarardheere,0.0,69.0
2019-06-01,Xarardheere,0.0,72.0
2019-07-01,Xarardheere,,
2019-08-01,Xarardheere,,
2019-09-01,Xarardheere,0.0,0.0
2019-10-01,Xarardheere,0.0,61.0
2019-11-01,Xarardheere,0.0,83.0
2019-12-01,Xarardheere,0.0,67.0
2020-01-01,Xarardheere,0.0,41.0
2020-02-01,Xarardheere,0.0,36.0
2020-03-01,Xarardheere,0.0,49.0
2020-04-01,Xarardheere,0.0,27.0
2020-05-01,Xarardheere,0.0,104.0
2020-06-01,Xarardheere,0.0,38.0
2020-07-01,Xarardheere,0.0,71.0
2020-08-01,Xarardheere,120.0,96.0
2020-09-01,Xarardheere,149.0,78.0
2020-10-01,Xarardheere,147.0,68.0
2020-11-01,Xarardheere,129.0,87.0
2020-12-01,Xarardheere,0.0,64.0
2021-01-01,Xarardheere,98.0,62.0
2021-02-01,Xarardheere,0.0,86.0
2021-03-01,Xarardheere,0.0,76.0
2021-04-01,Xarardheere,0.0,62.0
2021-05-01,Xarardheere,0.0,71.0
2021-06-01,Xarardheere,0.0,57.0
2021-07-01,Xarardheere,149.0,73.0
2021-08-01,Xarardheere,0.0,63.0
2021-09-01,Xarardheere,0.0,64.0
2021-10-01,Xarardheere,,
2021-11-01,Xarardheere,,
2019-01-01,Xudun,0.0,64.0
2019-02-01,Xudun,0.0,70.0
2019-03-01,Xudun,0.0,43.0
2019-04-01,Xudun,0.0,58.0
2019-05-01,Xudun,0.0,59.0
2019-06-01,Xudun,0.0,60.0
2019-07-01,Xudun,0.0,70.0
2019-08-01,Xudun,0.0,100.0
2019-09-01,Xudun,0.0,107.0
2019-10-01,Xudun,0.0,97.0
2019-11-01,Xudun,0.0,118.0
2019-12-01,Xudun,0.0,31.0
2020-01-01,Xudun,295.0,47.0
2020-02-01,Xudun,316.0,55.0
2020-03-01,Xudun,5.0,65.0
2020-04-01,Xudun,9.0,110.0
2020-05-01,Xudun,0.0,66.0
2020-06-01,Xudun,295.0,64.0
2020-07-01,Xudun,118.0,65.0
2020-08-01,Xudun,40.0,59.0
2020-09-01,Xudun,0.0,78.0
2020-10-01,Xudun,42.0,80.0
2020-11-01,Xudun,841.0,83.0
2020-12-01,Xudun,613.0,96.0
2021-01-01,Xudun,922.0,100.0
2021-02-01,Xudun,112.0,93.0
2021-03-01,Xudun,128.0,76.0
2021-04-01,Xudun,62.0,76.0
2021-05-01,Xudun,230.0,28.0
2021-06-01,Xudun,362.0,27.0
2021-07-01,Xudun,175.0,39.0
2021-08-01,Xudun,163.0,35.0
2021-09-01,Xudun,97.0,14.0
2021-10-01,Xudun,152.0,15.0
2021-11-01,Xudun,60.0,48.0
2019-01-01,Xudur,730.0,1151.0
2019-02-01,Xudur,693.0,886.0
2019-03-01,Xudur,467.0,388.0
2019-04-01,Xudur,748.0,527.0
2019-05-01,Xudur,729.0,717.0
2019-06-01,Xudur,665.0,931.0
2019-07-01,Xudur,1112.0,872.0
2019-08-01,Xudur,1007.0,568.0
2019-09-01,Xudur,1626.0,877.0
2019-10-01,Xudur,1326.0,975.0
2019-11-01,Xudur,1240.0,1067.0
2019-12-01,Xudur,1395.0,969.0
2020-01-01,Xudur,1008.0,859.0
2020-02-01,Xudur,1160.0,868.0
2020-03-01,Xudur,934.0,899.0
2020-04-01,Xudur,548.0,734.0
2020-05-01,Xudur,387.0,648.0
2020-06-01,Xudur,514.0,946.0
2020-07-01,Xudur,453.0,793.0
2020-08-01,Xudur,494.0,984.0
2020-09-01,Xudur,391.0,958.0
2020-10-01,Xudur,482.0,686.0
2020-11-01,Xudur,816.0,778.0
2020-12-01,Xudur,788.0,721.0
2021-01-01,Xudur,996.0,817.0
2021-02-01,Xudur,1296.0,745.0
2021-03-01,Xudur,1058.0,829.0
2021-04-01,Xudur,896.0,750.0
2021-05-01,Xudur,1051.0,1018.0
2021-06-01,Xudur,1009.0,795.0
2021-07-01,Xudur,923.0,839.0
2021-08-01,Xudur,1183.0,645.0
2021-09-01,Xudur,1698.0,573.0
2021-10-01,Xudur,1231.0,587.0
2021-11-01,Xudur,1006.0,610.0
2019-01-01,Zeylac,84.0,0.0
2019-02-01,Zeylac,56.0,0.0
2019-03-01,Zeylac,4.0,0.0
2019-04-01,Zeylac,24.0,9.0
2019-05-01,Zeylac,212.0,36.0
2019-06-01,Zeylac,147.0,35.0
2019-07-01,Zeylac,54.0,25.0
2019-08-01,Zeylac,292.0,113.0
2019-09-01,Zeylac,154.0,144.0
2019-10-01,Zeylac,118.0,88.0
2019-11-01,Zeylac,469.0,126.0
2019-12-01,Zeylac,398.0,109.0
2020-01-01,Zeylac,263.0,135.0
2020-02-01,Zeylac,431.0,133.0
2020-03-01,Zeylac,229.0,109.0
2020-04-01,Zeylac,267.0,239.0
2020-05-01,Zeylac,145.0,130.0
2020-06-01,Zeylac,278.0,130.0
2020-07-01,Zeylac,388.0,106.0
2020-08-01,Zeylac,222.0,123.0
2020-09-01,Zeylac,269.0,162.0
2020-10-01,Zeylac,502.0,176.0
2020-11-01,Zeylac,198.0,134.0
2020-12-01,Zeylac,204.0,52.0
2021-01-01,Zeylac,322.0,58.0
2021-02-01,Zeylac,595.0,67.0
2021-03-01,Zeylac,290.0,89.0
2021-04-01,Zeylac,655.0,100.0
2021-05-01,Zeylac,328.0,51.0
2021-06-01,Zeylac,250.0,89.0
2021-07-01,Zeylac,173.0,218.0
2021-08-01,Zeylac,427.0,318.0
2021-09-01,Zeylac,563.0,132.0
2021-10-01,Zeylac,606.0,56.0
2021-11-01,Zeylac,299.0,52.0
